,simulated_feature
obs_1,-1.738266398496882
obs_2,-1.3366427931811324
obs_3,-1.361106708564987
obs_4,-0.35161713127840977
obs_5,-2.3125815796967033
obs_6,-0.18889719608460778
obs_7,-0.957229228096346
obs_8,0.8936001849299788
obs_9,0.956847237579234
obs_10,1.3922582291390866
obs_11,0.7674701130947078
obs_12,-0.053029778757267734
obs_13,0.8597939889439096
obs_14,1.5054811563838433
obs_15,-0.6535945334170485
obs_16,0.610351145830187
obs_17,-0.042673827710852374
obs_18,1.4400167254152394
obs_19,-0.8368950200968434
obs_20,-0.3015466095655266
obs_21,0.36233859316943917
obs_22,0.25811026702099754
obs_23,-1.6394479624476481
obs_24,0.360155232237386
obs_25,-0.11849769951697288
obs_26,-0.23974784920156203
obs_27,-0.15530166200229314
obs_28,0.21897170507821917
obs_29,-1.8163956614546406
obs_30,1.5524665679968663
obs_31,-0.8614416732885682
obs_32,-2.2413678581872873
obs_33,-0.08197449383484104
obs_34,1.4574804175244145
obs_35,-0.5186009711032398
obs_36,1.5512756209056682
obs_37,1.5569420010285768
obs_38,-0.8627319171113763
obs_39,-2.4651208152773547
obs_40,-1.2351827568078488
obs_41,1.1874322225543146
obs_42,-0.8167721736209068
obs_43,-1.5106774902505407
obs_44,-1.3376946740539473
obs_45,0.00018014422029518804
obs_46,-0.026108483729201715
obs_47,0.8720449149097206
obs_48,0.9890499704668804
obs_49,-0.9322490224957446
obs_50,-0.15675869871669845
obs_51,-1.1339346465649662
obs_52,0.07189067206172675
obs_53,-1.1506078219780655
obs_54,-1.200251555452681
obs_55,2.1234219339526375
obs_56,0.032388888425520096
obs_57,0.6431786123703356
obs_58,2.5380983786528484
obs_59,0.7858388236905651
obs_60,-0.11414260193201425
obs_61,0.05458995154441833
obs_62,-0.7444919671299762
obs_63,1.094338440936761
obs_64,-0.3302786854546604
obs_65,1.7627455255994957
obs_66,-0.3447585414426272
obs_67,-0.3536229319237997
obs_68,-0.41937740024787623
obs_69,0.6256938797342935
obs_70,0.18693606942873356
obs_71,1.3714324073778508
obs_72,-0.5533496226261118
obs_73,0.29023814454305935
obs_74,1.9379617345617723
obs_75,-0.24038168695409634
obs_76,0.5326127940361377
obs_77,1.5718822401651174
obs_78,0.5534457799103193
obs_79,-0.6345051681060726
obs_80,-2.062350018165741
obs_81,2.3931636444999302
obs_82,0.43031428213036543
obs_83,1.2605288876070315
obs_84,-0.4763135491383076
obs_85,1.8184817231498083
obs_86,0.5195393601930505
obs_87,0.04979744331439894
obs_88,-0.9018171912232378
obs_89,0.3681847205816066
obs_90,-0.48653003243104254
obs_91,-0.2227691793707828
obs_92,-1.6225108173922826
obs_93,-0.4905539302374794
obs_94,0.15987903483797983
obs_95,-1.250806160003097
obs_96,0.07389650956670456
obs_97,0.6632938789578444
obs_98,-0.3067599406971191
obs_99,-0.6207841599596035
obs_100,-0.6201241876096135
