var_name,gene_name
P43320,P43320
P04049,P04049
P51814,P51814
P19419,P19419
P43080,P43080
Q01968,Q01968
O95238,O95238
Q99LC4,Q99LC4
O43623,O43623
Q13303,Q13303
Q99LC4.1,Q99LC4.1
Q9Y253,Q9Y253
P11473,P11473
Q86XE5,Q86XE5
Q9UIF7,Q9UIF7
Q99LC4.2,Q99LC4.2
Q13115,Q13115
Q9H4I2,Q9H4I2
Q96PQ1,Q96PQ1
Q9H3D4,Q9H3D4
P41235,P41235
Q96BR1,Q96BR1
O60885,O60885
Q9GZT5,Q9GZT5
Q13618,Q13618
Q13490,Q13490
P19878,P19878
Q13951,Q13951
P54274,P54274
Q13418,Q13418
Q9H2C0,Q9H2C0
Q08050,Q08050
P54725,P54725
Q9NW38,Q9NW38
O75884,O75884
P16885,P16885
Q9NUW8,Q9NUW8
P25440,P25440
Q9BR61,Q9BR61
O00189,O00189
O95817,O95817
Q14232,Q14232
Q9UPW6,Q9UPW6
P07196,P07196
P49675,P49675
P35520,P35520
P02489,P02489
P07741,P07741
O95671,O95671
Q9UNE7,Q9UNE7
P09104,P09104
Q8N2W9,Q8N2W9
Q13651,Q13651
P40763,P40763
P05412,P05412
P00973,P00973
P01106,P01106
P84022,P84022
Q15796,Q15796
"P29460, Q9NPF7",P29460
P16234,P16234
"P29459,  P29460",P29459
P42224,P42224
P42226,P42226
Q9ULT6,Q9ULT6
Q9Y5C1,Q9Y5C1
Q07820,Q07820
Q99LC4.3,Q99LC4.3
Q86Y82,Q86Y82
Q6ZMJ2,Q6ZMJ2
Q9NQX5,Q9NQX5
O43286,O43286
O14653,O14653
Q99LC4.4,Q99LC4.4
P43631,P43631
P08195,P08195
Q3SXP7,Q3SXP7
P20933,P20933
P15509,P15509
Q9H6B4,Q9H6B4
Q8WZ59,Q8WZ59
O95445,O95445
Q9H361,Q9H361
Q6UWI4,Q6UWI4
Q02818,Q02818
Q99LC4.5,Q99LC4.5
Q6UY09,Q6UY09
Q9Y2G8,Q9Y2G8
Q6EBC2,Q6EBC2
Q99LC4.6,Q99LC4.6
Q9Y5Q6,Q9Y5Q6
Q9H6X2,Q9H6X2
Q99LC4.7,Q99LC4.7
Q99LC4.8,Q99LC4.8
Q99LC4.9,Q99LC4.9
Q99LC4.10,Q99LC4.10
P43358,P43358
Q99LC4.11,Q99LC4.11
P04843,P04843
Q99LC4.12,Q99LC4.12
Q99LC4.13,Q99LC4.13
Q99LC4.14,Q99LC4.14
A8K7I4,A8K7I4
Q99LC4.15,Q99LC4.15
Q96A25,Q96A25
Q99LC4.16,Q99LC4.16
Q99LC4.17,Q99LC4.17
Q99LC4.18,Q99LC4.18
Q99LC4.19,Q99LC4.19
O15173,O15173
P26436,P26436
Q6UWF3,Q6UWF3
P12111,P12111
P32927,P32927
Q9Y2W7,Q9Y2W7
P41222,P41222
Q99LC4.20,Q99LC4.20
Q99LC4.21,Q99LC4.21
Q9BRK3,Q9BRK3
Q99LC4.22,Q99LC4.22
Q08211,Q08211
Q99LC4.23,Q99LC4.23
P28072,P28072
P01111,P01111
Q99LC4.24,Q99LC4.24
P09874,P09874
Q02221,Q02221
Q8TCZ2,Q8TCZ2
Q8WU66,Q8WU66
Q99LC4.25,Q99LC4.25
Q99LC4.26,Q99LC4.26
O00238,O00238
O43561,O43561
O43908,O43908
Q8NFQ8,Q8NFQ8
P16278,P16278
Q8N6K0,Q8N6K0
Q9HC56,Q9HC56
Q9NQX7,Q9NQX7
Q96LB9,Q96LB9
Q8NC67,Q8NC67
Q7Z3D4,Q7Z3D4
O94933,O94933
P55001,P55001
P26572,P26572
O60676,O60676
P61769,P61769
Q9UHX1,Q9UHX1
Q6UW10,Q6UW10
Q9H5K3,Q9H5K3
Q6UXF1,Q6UXF1
O43181,O43181
Q9UNP4,Q9UNP4
Q5VY80,Q5VY80
Q99LC4.27,Q99LC4.27
O14967,O14967
P15516,P15516
Q9HDC9,Q9HDC9
Q5JTV8,Q5JTV8
Q99LC4.28,Q99LC4.28
P15515,P15515
Q99LC4.29,Q99LC4.29
O60568,O60568
Q6P4E1,Q6P4E1
P25189,P25189
Q9NZ53,Q9NZ53
P98164,P98164
P08118,P08118
Q569H4,Q569H4
Q99LC4.30,Q99LC4.30
P15941,P15941
Q1W4C9,Q1W4C9
Q06481,Q06481
Q9BUP3,Q9BUP3
Q6UXG2,Q6UXG2
Q9BSI4,Q9BSI4
Q99LC4.31,Q99LC4.31
Q99LC4.32,Q99LC4.32
Q96PB7,Q96PB7
Q99LC4.33,Q99LC4.33
Q8N9N2,Q8N9N2
Q99LC4.34,Q99LC4.34
Q99LC4.35,Q99LC4.35
Q99LC4.36,Q99LC4.36
Q99LC4.37,Q99LC4.37
Q99LC4.38,Q99LC4.38
O15503,O15503
Q99LC4.39,Q99LC4.39
Q9UJJ9,Q9UJJ9
Q5T7R7,Q5T7R7
Q12846,Q12846
Q99LC4.40,Q99LC4.40
P07988,P07988
Q9Y320,Q9Y320
O95168,O95168
Q99LC4.41,Q99LC4.41
A4D1S0,A4D1S0
Q8IUB3,Q8IUB3
Q07954,Q07954
Q5DX21,Q5DX21
Q99LC4.42,Q99LC4.42
Q2UY09,Q2UY09
Q9H7L9,Q9H7L9
Q12912,Q12912
Q8NDV1,Q8NDV1
O43555,O43555
Q6X784,Q6X784
A8K4G0,A8K4G0
P12821,P12821
Q99LC4.43,Q99LC4.43
Q16401,Q16401
P0DMV8,P0DMV8
P43405,P43405
Q99LC4.44,Q99LC4.44
Q8IZT8,Q8IZT8
Q9H3Q3,Q9H3Q3
P30740,P30740
Q9Y5E7,Q9Y5E7
P0DMV8.1,P0DMV8.1
Q8N8U2,Q8N8U2
Q9H2U9,Q9H2U9
Q9HC23,Q9HC23
Q969E3,Q969E3
O60938,O60938
P48058,P48058
Q15363,Q15363
A4D1S0.1,A4D1S0.1
Q8IZP9,Q8IZP9
Q8N6G5,Q8N6G5
Q6UXB4,Q6UXB4
Q8N7C0,Q8N7C0
Q99LC4.45,Q99LC4.45
Q496F6,Q496F6
P50454,P50454
P0DMV8.2,P0DMV8.2
Q12918,Q12918
P06126,P06126
Q5JVS0,Q5JVS0
Q9UKJ1,Q9UKJ1
Q6UXN7,Q6UXN7
P17405,P17405
Q99LC4.46,Q99LC4.46
Q8N0Z9,Q8N0Z9
P0C6S8,P0C6S8
O75071,O75071
Q9UBX8,Q9UBX8
Q96QV1,Q96QV1
Q9UNA3,Q9UNA3
Q9P109,Q9P109
Q6ZMC9,Q6ZMC9
Q6UXE8,Q6UXE8
Q14213,Q14213
O14979,O14979
Q6IN85,Q6IN85
Q6PJG6,Q6PJG6
P0C2L3,P0C2L3
Q08554,Q08554
Q6UWU4,Q6UWU4
Q99LC4.47,Q99LC4.47
Q96G30,Q96G30
Q6UWM7,Q6UWM7
Q99650,Q99650
Q86T26,Q86T26
Q93045,Q93045
Q53RT3,Q53RT3
Q9UNK0,Q9UNK0
Q9P121,Q9P121
Q8IUC8,Q8IUC8
O75871,O75871
Q99LC4.48,Q99LC4.48
Q13018,Q13018
O14610,O14610
Q8WUJ1,Q8WUJ1
Q99LC4.49,Q99LC4.49
Q9BXU9,Q9BXU9
P19256,P19256
Q9H4M7,Q9H4M7
Q86TD4,Q86TD4
Q99LC4.50,Q99LC4.50
O43752,O43752
Q8IV08,Q8IV08
P05387,P05387
Q6UVW9,Q6UVW9
Q8IUN9,Q8IUN9
P23434,P23434
Q9NYM9,Q9NYM9
Q9UL19,Q9UL19
Q99LC4.51,Q99LC4.51
P58062,P58062
Q96DR8,Q96DR8
Q8WVF2,Q8WVF2
P01242,P01242
P56975,P56975
Q5S007,Q5S007
P02818,P02818
P05113,P05113
P01876 P01877,P01876 P01877
Q05315,Q05315
Q9Y5N5,Q9Y5N5
O00764,O00764
O00206,O00206
Q9BYZ8,Q9BYZ8
P04792,P04792
P36222,P36222
P06733,P06733
Q9P273,Q9P273
Q4LDE5,Q4LDE5
Q4V9L6,Q4V9L6
Q8TBQ9,Q8TBQ9
Q6NUJ2,Q6NUJ2
Q8TB22,Q8TB22
Q9H0T7,Q9H0T7
Q8WUY8,Q8WUY8
Q9NZD8,Q9NZD8
O75962,O75962
Q8N3T6,Q8N3T6
O95972,O95972
O00305,O00305
Q9UGC7,Q9UGC7
Q7Z7F7,Q7Z7F7
P32927.1,P32927.1
Q13761,Q13761
Q99LC4.52,Q99LC4.52
P02452,P02452
O95841,O95841
Q96PB7.1,Q96PB7.1
Q30KQ4,Q30KQ4
Q6ZVL6,Q6ZVL6
Q9Y458,Q9Y458
Q86YW5,Q86YW5
Q15399,Q15399
Q9UKR3,Q9UKR3
Q14494,Q14494
A8TX70,A8TX70
P0DMV8.3,P0DMV8.3
Q6ZP65,Q6ZP65
Q9H9V4,Q9H9V4
Q8N0X7,Q8N0X7
Q9NQ60,Q9NQ60
Q5T6X4,Q5T6X4
Q9NT68,Q9NT68
Q13613,Q13613
Q96KG7,Q96KG7
P21333,P21333
Q7Z6M3,Q7Z6M3
Q9UPZ6,Q9UPZ6
Q7L5N7,Q7L5N7
P13647,P13647
Q4LDE5.1,Q4LDE5.1
Q9BXA7,Q9BXA7
Q92922,Q92922
P30793,P30793
Q8NDY8,Q8NDY8
Q5QGZ9,Q5QGZ9
Q96TA2,Q96TA2
Q9GZM7,Q9GZM7
P20823,P20823
Q9Y3P8,Q9Y3P8
P12111.1,P12111.1
Q96BA8,Q96BA8
Q9Y606,Q9Y606
Q99593,Q99593
P78310,P78310
P26010,P26010
P21757,P21757
Q9UK23,Q9UK23
Q15813,Q15813
Q8NBS9,Q8NBS9
Q9UBS3,Q9UBS3
P55291,P55291
Q13363,Q13363
P51580,P51580
Q8TAT2,Q8TAT2
Q8TEF2,Q8TEF2
Q99LC4.53,Q99LC4.53
Q6P9G4,Q6P9G4
Q05086,Q05086
Q9Y4P3,Q9Y4P3
Q7Z5B4,Q7Z5B4
O75460,O75460
Q99LC4.54,Q99LC4.54
Q6P4F2,Q6P4F2
Q15113,Q15113
Q8IU80,Q8IU80
P04424,P04424
P22735,P22735
Q5T601,Q5T601
Q8N159,Q8N159
P10746,P10746
O75427,O75427
O95428,O95428
P09417,P09417
Q13477,Q13477
Q8TC36,Q8TC36
Q9H4I3,Q9H4I3
P31415,P31415
P47989,P47989
P00352,P00352
Q14242,Q14242
Q8WYQ3,Q8WYQ3
P0CG30,P0CG30
Q9NZR2,Q9NZR2
P18850,P18850
P13942,P13942
Q9UBS5,Q9UBS5
Q99259,Q99259
Q14451,Q14451
Q96JK2,Q96JK2
Q6GTX8,Q6GTX8
Q9BQE4,Q9BQE4
P00167,P00167
P49902,P49902
P48730,P48730
Q99LC4.55,Q99LC4.55
Q6AZY7,Q6AZY7
Q6UXK5,Q6UXK5
Q04721,Q04721
Q99523,Q99523
Q92752,Q92752
Q9Y3Z3,Q9Y3Z3
Q9H0M0,Q9H0M0
Q8TEY5,Q8TEY5
P15918,P15918
P54278,P54278
P61457,P61457
O15297,O15297
P49959,P49959
Q96EP1,Q96EP1
A1KZ92,A1KZ92
P78543,P78543
P49760,P49760
Q9BQ65,Q9BQ65
P67870,P67870
P42331,P42331
O75022,O75022
Q9NPI8,Q9NPI8
P51451,P51451
Q6UX71,Q6UX71
P37837,P37837
O15460,O15460
Q9UNE7.1,Q9UNE7.1
Q9H9Q4,Q9H9Q4
Q8WZ42,Q8WZ42
Q9NQ66,Q9NQ66
Q9GZV4,Q9GZV4
Q96DF8,Q96DF8
Q13322,Q13322
P23921,P23921
P19971,P19971
P55087,P55087
Q8IWA4,Q8IWA4
Q6N022,Q6N022
P54819,P54819
P11766,P11766
Q9NRR6,Q9NRR6
Q96P66,Q96P66
P17022,P17022
P58012,P58012
P40394,P40394
P43405.1,P43405.1
Q9BX46,Q9BX46
P60891,P60891
P53004,P53004
P08729,P08729
Q99941,Q99941
Q14508,Q14508
P35219,P35219
Q03426,Q03426
Q14289,Q14289
Q9UI46,Q9UI46
Q9NTX7,Q9NTX7
Q8NEZ4,Q8NEZ4
Q9H257,Q9H257
Q9UKU7,Q9UKU7
Q9NRY6,Q9NRY6
Q9UKA2,Q9UKA2
Q9H223,Q9H223
O60479,O60479
P16930,P16930
Q96T51,Q96T51
O00151,O00151
P07910,P07910
Q86Y01,Q86Y01
P46063,P46063
O60828,O60828
Q96GX1,Q96GX1
Q16352,Q16352
P25686,P25686
Q8IUC4,Q8IUC4
O14543,O14543
P06737,P06737
Q8NFT8,Q8NFT8
Q9H1D9,Q9H1D9
P51570,P51570
P52907,P52907
O75821,O75821
Q96LZ2,Q96LZ2
Q14376,Q14376
Q15365,Q15365
P55199,P55199
O43251,O43251
Q01201,Q01201
Q8IZ08,Q8IZ08
Q9Y4C8,Q9Y4C8
Q9UN37,Q9UN37
P30838,P30838
Q8TDQ0,Q8TDQ0
Q15697,Q15697
P11441,P11441
Q96FJ2,Q96FJ2
O00472,O00472
O14791,O14791
P28907,P28907
P13987,P13987
P07148,P07148
P08397,P08397
Q9H7M9,Q9H7M9
Q3SXY7,Q3SXY7
Q5VVJ2,Q5VVJ2
Q9UP52,Q9UP52
O95822,O95822
P56134,P56134
O43524,O43524
Q96A57,Q96A57
Q9UHB6,Q9UHB6
Q92576,Q92576
Q8WWM9,Q8WWM9
O15146,O15146
P30304,P30304
P61371,P61371
Q9P0W2,Q9P0W2
Q8N6T3,Q8N6T3
Q9HCE7,Q9HCE7
Q14934,Q14934
Q99LC4.56,Q99LC4.56
P56282,P56282
Q96C24,Q96C24
P17027,P17027
Q14CN4,Q14CN4
P21506,P21506
P68106,P68106
Q9UHQ4,Q9UHQ4
Q07444,Q07444
P50570,P50570
Q13247,Q13247
O60884,O60884
Q8IWI9,Q8IWI9
Q86U06,Q86U06
O43663,O43663
Q15717,Q15717
Q07325,Q07325
P51815,P51815
Q14562,Q14562
O75190,O75190
O95696,O95696
Q9GZQ8,Q9GZQ8
P84090,P84090
Q9UN19,Q9UN19
Q00613,Q00613
P20701,P20701
P10242,P10242
Q13404,Q13404
O95433,O95433
O43665,O43665
P37802,P37802
O43825,O43825
Q8TDB6,Q8TDB6
P13674,P13674
Q7L1S5,Q7L1S5
Q9ULW2,Q9ULW2
Q8IYB5,Q8IYB5
P48067,P48067
Q8IZ57,Q8IZ57
Q9UI08,Q9UI08
O14512,O14512
Q14677,Q14677
Q9C000,Q9C000
Q8N6H7,Q8N6H7
P57771,P57771
Q63HR2,Q63HR2
Q9H2Y9,Q9H2Y9
P55201,P55201
Q96L93,Q96L93
Q8IZN3,Q8IZN3
Q9UKL4,Q9UKL4
P52594,P52594
Q9H3M7,Q9H3M7
Q9NZ52,Q9NZ52
Q9UJX3,Q9UJX3
Q6S5L8,Q6S5L8
P29373,P29373
Q12974,Q12974
P31025,P31025
Q92523,Q92523
P14859,P14859
A6NDA9,A6NDA9
O60674,O60674
Q9UBK2,Q9UBK2
P51449,P51449
Q9Y5U5,Q9Y5U5
Q92508,Q92508
Q99LC4.57,Q99LC4.57
Q9Y5G3,Q9Y5G3
Q99LC4.58,Q99LC4.58
Q92988,Q92988
Q9NT99,Q9NT99
Q99LC4.59,Q99LC4.59
Q99LC4.60,Q99LC4.60
Q99LC4.61,Q99LC4.61
Q99LC4.62,Q99LC4.62
Q6PD74,Q6PD74
Q99LC4.63,Q99LC4.63
Q68E01,Q68E01
Q99LC4.64,Q99LC4.64
Q8IVU1,Q8IVU1
Q07960,Q07960
P29762,P29762
P29034,P29034
Q99LC4.65,Q99LC4.65
Q9HD43,Q9HD43
Q8N766,Q8N766
Q99LC4.66,Q99LC4.66
Q07157,Q07157
P09564,P09564
Q99LC4.67,Q99LC4.67
Q03393,Q03393
P22681,P22681
Q9H3S4,Q9H3S4
P07738,P07738
Q13485,Q13485
P17661,P17661
O43683,O43683
Q01518,Q01518
P34931,P34931
Q13148,Q13148
Q15418,Q15418
O00418,O00418
P49247,P49247
P34896,P34896
Q63HQ2,Q63HQ2
P49588,P49588
Q16828,Q16828
Q15057,Q15057
Q9UM13,Q9UM13
Q9BSQ5,Q9BSQ5
Q9NP81,Q9NP81
P15036,P15036
Q96B67,Q96B67
Q96E11,Q96E11
P30626,P30626
O95721,O95721
P78318,P78318
P62070,P62070
Q92519,Q92519
Q9Y265,Q9Y265
P07320,P07320
Q8N5G2,Q8N5G2
Q92831,Q92831
Q13790,Q13790
P62995,P62995
Q15102,Q15102
P55273,P55273
O15533,O15533
P16152,P16152
O95786,O95786
Q9H9Q2,Q9H9Q2
P20807,P20807
Q9H4A4,Q9H4A4
P50479,P50479
Q9Y5N6,Q9Y5N6
Q9H5P4,Q9H5P4
P40616,P40616
Q6UWD8,Q6UWD8
Q6PI48,Q6PI48
Q6NVY1,Q6NVY1
O43316,O43316
Q8IVM0,Q8IVM0
Q9NPD8,Q9NPD8
Q96FJ0,Q96FJ0
Q96DA2,Q96DA2
O95661,O95661
Q9UL26,Q9UL26
Q96AH8,Q96AH8
P61244,P61244
O60869,O60869
Q9Y3C4,Q9Y3C4
Q8N335,Q8N335
O15296,O15296
Q9NQ94,Q9NQ94
Q9P016,Q9P016
P62330,P62330
Q9H8S9,Q9H8S9
P30305,P30305
Q5VWZ2,Q5VWZ2
Q9H074,Q9H074
Q9BRX2,Q9BRX2
Q9HB71,Q9HB71
Q969Q4,Q969Q4
P53990,P53990
P78417,P78417
Q6PHR2,Q6PHR2
P29372,P29372
Q00978,Q00978
O00212,O00212
O00482,O00482
Q96NW4,Q96NW4
O43447,O43447
Q15126,Q15126
O14867,O14867
Q86Y97,Q86Y97
Q9UBU9,Q9UBU9
Q9BV86,Q9BV86
Q9NPC7,Q9NPC7
Q16875,Q16875
Q9BV57,Q9BV57
Q99653,Q99653
Q9HB21,Q9HB21
O14818,O14818
Q9NXA8,Q9NXA8
Q53H47,Q53H47
Q9P2N7,Q9P2N7
P09651,P09651
Q15691,Q15691
O95793,O95793
Q9NXV2,Q9NXV2
Q9NZA1,Q9NZA1
Q9NQ88,Q9NQ88
Q15631,Q15631
P62888,P62888
P31321,P31321
Q96G74,Q96G74
Q12830,Q12830
Q92753,Q92753
P48739,P48739
Q9NS18,Q9NS18
Q9ULC4,Q9ULC4
Q9UHA4,Q9UHA4
Q96DC9,Q96DC9
P60520,P60520
Q9BRJ7,Q9BRJ7
O14907,O14907
Q99962,Q99962
Q9UBT2,Q9UBT2
O75347,O75347
Q15743,Q15743
P29536,P29536
Q96DU7,Q96DU7
Q9Y3E7,Q9Y3E7
Q8N668,Q8N668
Q9ULZ2,Q9ULZ2
Q96JW4,Q96JW4
Q9NZD2,Q9NZD2
Q9UBP6,Q9UBP6
Q9BZX2,Q9BZX2
Q15561,Q15561
O14737,O14737
Q86U86,Q86U86
P42773,P42773
P54727,P54727
Q96F10,Q96F10
P10827,P10827
Q96S55,Q96S55
O75344,O75344
P61024,P61024
B6SEH8,B6SEH8
P49427,P49427
Q99418,Q99418
Q13137,Q13137
P18887,P18887
Q9Y217,Q9Y217
Q00577,Q00577
P49802,P49802
P84095,P84095
Q96MR9,Q96MR9
P53814,P53814
Q9HB90,Q9HB90
O60760,O60760
Q96J02,Q96J02
Q99986,Q99986
O75771,O75771
O00762,O00762
P51513,P51513
Q8TF42,Q8TF42
Q8TCD5,Q8TCD5
Q16512,Q16512
O95379,O95379
Q9Y221,Q9Y221
Q14145,Q14145
P48643,P48643
P36405,P36405
O43281,O43281
O75382,O75382
P20800,P20800
P11586,P11586
P43357,P43357
P39748,P39748
P61204,P61204
P28074,P28074
O14732,O14732
P10398,P10398
P07992,P07992
P36404,P36404
Q99LC4.68,Q99LC4.68
O60890,O60890
Q9NUG6,Q9NUG6
P28676,P28676
P28289,P28289
Q9H1Y0,Q9H1Y0
Q86UX7,Q86UX7
Q13310,Q13310
Q96GD3,Q96GD3
Q9NQT5,Q9NQT5
P20618,P20618
Q9UHY1,Q9UHY1
Q9Y6E0,Q9Y6E0
Q04828,Q04828
P35813,P35813
Q9NVA2,Q9NVA2
P30153,P30153
Q9NR48,Q9NR48
Q92833,Q92833
Q8IXQ5,Q8IXQ5
Q9BQF6,Q9BQF6
O95352,O95352
Q9NS86,Q9NS86
P53365,P53365
P18440,P18440
P43378,P43378
O75815,O75815
O14717,O14717
Q9NRG4,Q9NRG4
P43155,P43155
P32019,P32019
P49407,P49407
P30520,P30520
Q96AT9,Q96AT9
Q9BYW2,Q9BYW2
P08754,P08754
Q15119,Q15119
O43865,O43865
P78368,P78368
Q9H115,Q9H115
Q07866,Q07866
Q13630,Q13630
Q9H999,Q9H999
Q9NTK5,Q9NTK5
Q9H0R8,Q9H0R8
Q13011,Q13011
Q16762,Q16762
Q12923,Q12923
Q12905,Q12905
Q9Y2T3,Q9Y2T3
O75351,O75351
Q76N89,Q76N89
O60671,O60671
O43704,O43704
P14868,P14868
Q9BY11,Q9BY11
Q13045,Q13045
P09012,P09012
Q9UK80,Q9UK80
Q6YP21,Q6YP21
Q9BPU6,Q9BPU6
Q9Y6U3,Q9Y6U3
Q9NSB8,Q9NSB8
P25325,P25325
Q16698,Q16698
Q9UK32,Q9UK32
O15143,O15143
Q9P0V9,Q9P0V9
P34897,P34897
Q8TEK3,Q8TEK3
O75368,O75368
Q9UNQ2,Q9UNQ2
Q53G59,Q53G59
O60678,O60678
P48426,P48426
O00629,O00629
P50990,P50990
P53396,P53396
O60739,O60739
Q9HAT8,Q9HAT8
Q8TDX7,Q8TDX7
Q8N5H7,Q8N5H7
Q15751,Q15751
Q5VT25,Q5VT25
Q14195,Q14195
Q969R5,Q969R5
Q92522,Q92522
P48165,P48165
Q9NP66,Q9NP66
P49795,P49795
O75843,O75843
Q8IZD4,Q8IZD4
Q9Y473,Q9Y473
O15405,O15405
Q9Y237,Q9Y237
Q9NRR5,Q9NRR5
Q86VP1,Q86VP1
Q14011,Q14011
O00287,O00287
Q9P2B2,Q9P2B2
Q9BT73,Q9BT73
O14777,O14777
Q6IQ23,Q6IQ23
Q5T2T1,Q5T2T1
Q14807,Q14807
O75534,O75534
Q14651,Q14651
Q9Y2I1,Q9Y2I1
Q99581,Q99581
A6NDV4,A6NDV4
Q9UL15,Q9UL15
Q9UIA0,Q9UIA0
P98179,P98179
Q58F21,Q58F21
P05107,P05107
Q9UKY1,Q9UKY1
Q92870,Q92870
Q9Y534,Q9Y534
Q9BYV9,Q9BYV9
O43424,O43424
Q12906,Q12906
Q6NX45,Q6NX45
Q92870.1,Q92870.1
Q9HCZ1,Q9HCZ1
Q92556,Q92556
Q7Z601,Q7Z601
Q86XI6,Q86XI6
Q9UJW8,Q9UJW8
P52948,P52948
O60741,O60741
O15347,O15347
Q15637,Q15637
Q9UKN5,Q9UKN5
Q15633,Q15633
P52272,P52272
O95704,O95704
Q86T24,Q86T24
Q9NPB8,Q9NPB8
P52741,P52741
Q96ES7,Q96ES7
Q96ER9,Q96ER9
Q96J94,Q96J94
Q96MN2,Q96MN2
Q969W8,Q969W8
O95989,O95989
Q2Y0W8,Q2Y0W8
Q9NZQ0,Q9NZQ0
P59282,P59282
P14316,P14316
Q86UD4,Q86UD4
Q9UKD1,Q9UKD1
Q7Z6I6,Q7Z6I6
Q9Y2V2,Q9Y2V2
Q09FC8,Q09FC8
P14621,P14621
Q8NDI1,Q8NDI1
Q96LT9,Q96LT9
P41252,P41252
P55040,P55040
Q15849,Q15849
Q13588,Q13588
Q86W26,Q86W26
O00213,O00213
Q9UKG1,Q9UKG1
Q92911,Q92911
P49796,P49796
O00422,O00422
Q96BS2,Q96BS2
Q9UBL3,Q9UBL3
Q9H3M0,Q9H3M0
Q8WXC3,Q8WXC3
Q9H1R2,Q9H1R2
O60499,O60499
Q86VK4,Q86VK4
O95429,O95429
Q15036,Q15036
Q9UKA1,Q9UKA1
O60942,O60942
Q92974,Q92974
Q9P0R6,Q9P0R6
Q9NP87,Q9NP87
Q9NZR1,Q9NZR1
Q99594,Q99594
Q9NQ75,Q9NQ75
Q96Q45,Q96Q45
O75521,O75521
Q9UBL0,Q9UBL0
Q9NYL9,Q9NYL9
Q14511,Q14511
Q0D2K0,Q0D2K0
P51808,P51808
P26196,P26196
Q12792,Q12792
Q16280,Q16280
P16150,P16150
Q8WUN7,Q8WUN7
Q9Y4P9,Q9Y4P9
Q9BXB4,Q9BXB4
P28749,P28749
Q7L0J3,Q7L0J3
O75452,O75452
Q9NR21,Q9NR21
Q14995,Q14995
O75446,O75446
Q8IY33,Q8IY33
Q8IYJ3,Q8IYJ3
Q16666,Q16666
Q6ZW49,Q6ZW49
Q9Y6T7,Q9Y6T7
Q99LC4.69,Q99LC4.69
Q99LC4.70,Q99LC4.70
O60494,O60494
Q99LC4.71,Q99LC4.71
Q99LC4.72,Q99LC4.72
Q99LC4.73,Q99LC4.73
Q99LC4.74,Q99LC4.74
Q04695,Q04695
Q9Y2T1,Q9Y2T1
P08235,P08235
Q8TC92,Q8TC92
Q9UII4,Q9UII4
P12271,P12271
O15160,O15160
P43353,P43353
Q99LC4.75,Q99LC4.75
Q9NP72,Q9NP72
Q07869,Q07869
Q96EK5,Q96EK5
P14927,P14927
Q99LC4.76,Q99LC4.76
P35557,P35557
Q5VW38,Q5VW38
Q16527,Q16527
Q9NUL3,Q9NUL3
P35900,P35900
O60504,O60504
Q9NW64,Q9NW64
Q9NUP9,Q9NUP9
Q16629,Q16629
Q01844,Q01844
Q99759,Q99759
Q8IWT3,Q8IWT3
Q8TAT6,Q8TAT6
Q6JVE6,Q6JVE6
P46783,P46783
O60260,O60260
Q99LC4.77,Q99LC4.77
O14683,O14683
Q99LC4.78,Q99LC4.78
Q8WU20,Q8WU20
O95931,O95931
Q99LC4.79,Q99LC4.79
Q14457,Q14457
Q12972,Q12972
Q9BUZ4,Q9BUZ4
Q16322,Q16322
Q6PL18,Q6PL18
Q99816,Q99816
Q9UN76,Q9UN76
A5PKW4,A5PKW4
Q9GZN6,Q9GZN6
Q969G6,Q969G6
O60234,O60234
Q6P2E9,Q6P2E9
Q13976,Q13976
O14618,O14618
P39687,P39687
P51114,P51114
P41208,P41208
Q9H3U1,Q9H3U1
P26640,P26640
P43220,P43220
P35070,P35070
Q16665,Q16665
P06703,P06703
Q8WVN6,Q8WVN6
Q9BXY4,Q9BXY4
P05451,P05451
Q92843,Q92843
O43915,O43915
Q9BQB4,Q9BQB4
Q96BQ1,Q96BQ1
P0DML2 P0DML3,P0DML2 P0DML3
P98172,P98172
P60880,P60880
O95274,O95274
Q7Z3B1,Q7Z3B1
P41182,P41182
Q12841,Q12841
P10451,P10451
P51884,P51884
Q8N6Q3,Q8N6Q3
Q9H4F8,Q9H4F8
Q9UK55,Q9UK55
O43155,O43155
Q9NZU0,Q9NZU0
Q6UXK2,Q6UXK2
P04004,P04004
Q02487,Q02487
P01130,P01130
P52789,P52789
P19367,P19367
Q13591,Q13591
Q8N2S1,Q8N2S1
Q00987,Q00987
O15151,O15151
P01859,P01859
P01861,P01861
P56704,P56704
Q9Y566,Q9Y566
Q9BYB0,Q9BYB0
P41221,P41221
Q30KQ7,Q30KQ7
O43761,O43761
Q8N8Q1,Q8N8Q1
A6NC05,A6NC05
P15291,P15291
P07954,P07954
Q969K3,Q969K3
Q9NZC4,Q9NZC4
P29120,P29120
Q99LC4.80,Q99LC4.80
P05026,P05026
Q9BUN8,Q9BUN8
O15263,O15263
Q8IUW5,Q8IUW5
P41161,P41161
P20155,P20155
Q99LC4.81,Q99LC4.81
Q9H4P4,Q9H4P4
Q9BQY6,Q9BQY6
Q14C87,Q14C87
Q9NRX6,Q9NRX6
Q16206,Q16206
Q9BRX8,Q9BRX8
Q99LC4.82,Q99LC4.82
Q9NR34,Q9NR34
Q9H1F0,Q9H1F0
Q13336,Q13336
Q6UWV7,Q6UWV7
Q9NVD7,Q9NVD7
Q6UXL0,Q6UXL0
P56270,P56270
Q9H2X0,Q9H2X0
P0C7M6,P0C7M6
Q155Q3,Q155Q3
Q5BIV9,Q5BIV9
Q15427,Q15427
P40818,P40818
Q9H6D8,Q9H6D8
P0DJ93,P0DJ93
O75394,O75394
Q99LC4.83,Q99LC4.83
Q9UKW6,Q9UKW6
Q9NXH8,Q9NXH8
O15335,O15335
Q92626,Q92626
Q8N912,Q8N912
P53805,P53805
Q96JN8,Q96JN8
Q03431,Q03431
Q9H0R4,Q9H0R4
P23677,P23677
Q9Y2Q3,Q9Y2Q3
Q9Y2X8,Q9Y2X8
O60870,O60870
Q15722,Q15722
A8MVW0,A8MVW0
Q15560,Q15560
A5YKK6,A5YKK6
P02452.1,P02452.1
Q96K49,Q96K49
Q13563,Q13563
Q9H1C4,Q9H1C4
P53367,P53367
Q9NZW5,Q9NZW5
O43924,O43924
P38646,P38646
Q9ULK0,Q9ULK0
Q8N5B7,Q8N5B7
Q8TDS4,Q8TDS4
Q01581,Q01581
O75822,O75822
Q9UGB7,Q9UGB7
P00451,P00451
Q99LC4.84,Q99LC4.84
Q8TBE7,Q8TBE7
Q86WA9,Q86WA9
O75915,O75915
Q9NX74,Q9NX74
Q15628,Q15628
Q8TAC9,Q8TAC9
Q93084,Q93084
Q01826,Q01826
O43390,O43390
Q9Y6X2,Q9Y6X2
Q15286,Q15286
Q96P16,Q96P16
Q5J8M3,Q5J8M3
Q3KNS1,Q3KNS1
O43150,O43150
Q86VW2,Q86VW2
P62760,P62760
Q96MM7,Q96MM7
Q8TDN1,Q8TDN1
P05455,P05455
Q9ULW6,Q9ULW6
Q9UKP6,Q9UKP6
Q8N9A8,Q8N9A8
P54296,P54296
Q9Y5P4,Q9Y5P4
Q9UNA4,Q9UNA4
Q92952,Q92952
Q8NDV2,Q8NDV2
Q8N699,Q8N699
Q92619,Q92619
Q8N9N8,Q8N9N8
P34969,P34969
Q5VZY2,Q5VZY2
Q9UKF5,Q9UKF5
Q9UH65,Q9UH65
Q8IWE4,Q8IWE4
Q9BWE0,Q9BWE0
P28223,P28223
Q9NQS3,Q9NQS3
P50406,P50406
Q8N6N7,Q8N6N7
Q08999,Q08999
Q9NP77,Q9NP77
Q16555,Q16555
P55036,P55036
Q00341,Q00341
O00231,O00231
O15145,O15145
Q92730,Q92730
O14641,O14641
P26368,P26368
O94929,O94929
Q16222,Q16222
O14727,O14727
Q9H0H5,Q9H0H5
O76027,O76027
O95704.1,O95704.1
Q9Y3B8,Q9Y3B8
P49642,P49642
Q9UJY5,Q9UJY5
Q9BU02,Q9BU02
O00194,O00194
Q13636,Q13636
Q7Z6M1,Q7Z6M1
P55769,P55769
Q8TAC1,Q8TAC1
O76050,O76050
Q9UJ72,Q9UJ72
P78347,P78347
P43363,P43363
O60759,O60759
Q9Y6K8,Q9Y6K8
Q92793,Q92793
O43639,O43639
Q9Y6D9,Q9Y6D9
O43681,O43681
O94973,O94973
Q15172,Q15172
O14686,O14686
O95544,O95544
P05455.1,P05455.1
Q14449,Q14449
Q9Y4P1,Q9Y4P1
Q15291,Q15291
Q15942,Q15942
O00625,O00625
P55209,P55209
O60763,O60763
O14879,O14879
O14964,O14964
Q92620,Q92620
Q9NZI2,Q9NZI2
Q96JP5,Q96JP5
O75674,O75674
Q9BQ69,Q9BQ69
O75116,O75116
P19338,P19338
Q96T60,Q96T60
Q9NRA1,Q9NRA1
Q9HD20,Q9HD20
Q06190,Q06190
Q9NS85,Q9NS85
P22607,P22607
P08246,P08246
P17066,P17066
Q99832,Q99832
P09529,P09529
Q15742,Q15742
P19784,P19784
P07333,P07333
P51801,P51801
Q01344,Q01344
Q8WWF8,Q8WWF8
P11926,P11926
Q8N695,Q8N695
O95388,O95388
Q9HC73,Q9HC73
P21695,P21695
Q8IZA0,Q8IZA0
P07355,P07355
P54868,P54868
Q00610,Q00610
Q96IW7,Q96IW7
Q15485,Q15485
O96013,O96013
P24158,P24158
O95750,O95750
P33681,P33681
O43791,O43791
P30040,P30040
Q8TD22,Q8TD22
P29460,P29460
P47736,P47736
P08476,P08476
Q92765,Q92765
Q13620,Q13620
P26951,P26951
Q13563.1,Q13563.1
P80075,P80075
Q9H9A7,Q9H9A7
Q9UKG9,Q9UKG9
Q9HC16,Q9HC16
O00233,O00233
Q14155,Q14155
Q13506,Q13506
O15068,O15068
P07205,P07205
Q86VP6,Q86VP6
Q16851,Q16851
Q16666.1,Q16666.1
O95363,O95363
Q96BD6,Q96BD6
Q9C005,Q9C005
P0DMM9,P0DMM9
Q9BUQ8,Q9BUQ8
Q9BQG2,Q9BQG2
O75899,O75899
Q9Y5P4.1,Q9Y5P4.1
Q96EK6,Q96EK6
P53355,P53355
Q8TBY0,Q8TBY0
P28838,P28838
Q96P47,Q96P47
Q9Y496,Q9Y496
Q9H0E2,Q9H0E2
Q5VTT5,Q5VTT5
Q16881,Q16881
O60684,O60684
Q9BPX1,Q9BPX1
Q8NG68,Q8NG68
Q13136,Q13136
Q92888,Q92888
Q99728,Q99728
O15119,O15119
Q8TE54,Q8TE54
Q9NS28,Q9NS28
Q08257,Q08257
Q9UHL0,Q9UHL0
Q9HAU4,Q9HAU4
O43813,O43813
Q9HBL8,Q9HBL8
P11498,P11498
O43432,O43432
P46459,P46459
Q9H4G0,Q9H4G0
P22087,P22087
Q96CD2,Q96CD2
Q8N142,Q8N142
Q9BZ29,Q9BZ29
Q9P2D1,Q9P2D1
Q14749,Q14749
O43252,O43252
Q9NPI6,Q9NPI6
P21580,P21580
P31949,P31949
Q96C10,Q96C10
Q92844,Q92844
Q92817,Q92817
Q9NPJ6,Q9NPJ6
Q92838,Q92838
Q07011,Q07011
Q96PD4,Q96PD4
O00443,O00443
P61201,P61201
P09758,P09758
Q13009,Q13009
O75970,O75970
Q9H6Z4,Q9H6Z4
Q9Y337,Q9Y337
Q15075,Q15075
Q15596,Q15596
P23560,P23560
Q9NPH3,Q9NPH3
Q99958,Q99958
Q9UPW8,Q9UPW8
Q13261,Q13261
P01215,P01215
Q15080,Q15080
O14788,O14788
P13725,P13725
P06127,P06127
Q86UL8,Q86UL8
Q99959,Q99959
P22748,P22748
Q15811,Q15811
P98077,P98077
P01036,P01036
Q13478,Q13478
Q9Y4G6,Q9Y4G6
P49903,P49903
Q99LC4.85,Q99LC4.85
P24592,P24592
Q9H4E7,Q9H4E7
O75828,O75828
P49771,P49771
Q99075,Q99075
P26718,P26718
P49589,P49589
P25789,P25789
P02747,P02747
P26992,P26992
P52306,P52306
P49914,P49914
P35442,P35442
Q969Z4,Q969Z4
Q8IYJ0,Q8IYJ0
P35318,P35318
P26447,P26447
Q68DV7,Q68DV7
Q9UBN6,Q9UBN6
Q9ULT6.1,Q9ULT6.1
Q9H7M9.1,Q9H7M9.1
O43921,O43921
P01574,P01574
P01566,P01566
P01567,P01567
P52799,P52799
Q9UM44,Q9UM44
P27930,P27930
Q86SJ2,Q86SJ2
Q9HBX9,Q9HBX9
Q9NPY3,Q9NPY3
Q8WWG1,Q8WWG1
Q16778,Q16778
Q7L7L0,Q7L7L0
P68431,P68431
Q9NZH7,Q9NZH7
Q9UHA7,Q9UHA7
P05161,P05161
P52797,P52797
P31946,P31946
P62258,P62258
P08758,P08758
Q9UJQ7,Q9UJQ7
Q16667,Q16667
Q8WZ73,Q8WZ73
Q8N4E4,Q8N4E4
O75626,O75626
P20073,P20073
Q9P0K8,Q9P0K8
Q96MH2,Q96MH2
O00213.1,O00213.1
Q96R05,Q96R05
Q7L014,Q7L014
Q9H2M3,Q9H2M3
P14649,P14649
Q99LC4.86,Q99LC4.86
O95396,O95396
P0DMV8.4,P0DMV8.4
Q9UNH6,Q9UNH6
O60496,O60496
Q9UJV3,Q9UJV3
Q13867,Q13867
P29074,P29074
Q99LC4.87,Q99LC4.87
Q7Z628,Q7Z628
Q9BYN0,Q9BYN0
Q9NRW1,Q9NRW1
P48147,P48147
P61106,P61106
Q9P2K8,Q9P2K8
O95644,O95644
P51148,P51148
Q99490,Q99490
Q9UIS9,Q9UIS9
Q99LC4.88,Q99LC4.88
P31943,P31943
Q13356,Q13356
Q9UBQ0,Q9UBQ0
Q9UQE7,Q9UQE7
P51965,P51965
Q9BTC0,Q9BTC0
P63172,P63172
P11233,P11233
P35243,P35243
O43617,O43617
Q0P6D2,Q0P6D2
O14793,O14793
O95390,O95390
Q96ND0,Q96ND0
Q9H3T2,Q9H3T2
Q9NY15,Q9NY15
J3QR46,J3QR46
Q99LC4.89,Q99LC4.89
Q5T1S8,Q5T1S8
Q9BYR9,Q9BYR9
Q96SR6,Q96SR6
Q99LC4.90,Q99LC4.90
Q96AW1,Q96AW1
Q8TF50,Q8TF50
P55854,P55854
P49711,P49711
Q9UK99,Q9UK99
Q9BY84,Q9BY84
Q8NFB2,Q8NFB2
P22888,P22888
Q99LC4.91,Q99LC4.91
P52758,P52758
O15217,O15217
Q9NVM6,Q9NVM6
P28698,P28698
O76064,O76064
P12757,P12757
Q9UKS6,Q9UKS6
P23588,P23588
P17655,P17655
P31751,P31751
O60664,O60664
P35236,P35236
P55735,P55735
Q8N554,Q8N554
O43915.1,O43915.1
P07360,P07360
Q15828,Q15828
P20160,P20160
O75462,O75462
Q13017,Q13017
P01344,P01344
P33764,P33764
Q8TDF5,Q8TDF5
Q14696,Q14696
Q9H6E4,Q9H6E4
P26436.1,P26436.1
P33763,P33763
Q06141,Q06141
O76038,O76038
P01591,P01591
Q2TAL6,Q2TAL6
O43663.1,O43663.1
Q9UL18,Q9UL18
Q13257,Q13257
Q9Y696,Q9Y696
Q9NTM9,Q9NTM9
Q9NX01,Q9NX01
P60903,P60903
P78396,P78396
Q6PUV4,Q6PUV4
P78560,P78560
Q9H9G7,Q9H9G7
P02792,P02792
P17677,P17677
P32455,P32455
Q9Y2Q5,Q9Y2Q5
Q09028,Q09028
Q99470,Q99470
Q8WWX9,Q8WWX9
Q9Y281,Q9Y281
P01042,P01042
P01579,P01579
P02790,P02790
P05408,P05408
Q15327,Q15327
Q6Q788,Q6Q788
P02654,P02654
O60242,O60242
Q8TDL5,Q8TDL5
Q8N8U9,Q8N8U9
Q9Y3E2,Q9Y3E2
P25440.1,P25440.1
Q9NS71,Q9NS71
P15086,P15086
P14091,P14091
Q16832,Q16832
P14138,P14138
Q9UEF7,Q9UEF7
P12104,P12104
P15090,P15090
O60462,O60462
P08637,P08637
Q16595,Q16595
P22466,P22466
Q14393,Q14393
Q8IZJ1,Q8IZJ1
P09488,P09488
P55789,P55789
P41134,P41134
Q02363,Q02363
P01568,P01568
P05014,P05014
Q96CA5,Q96CA5
P04180,P04180
P00338,P00338
Q86SG7,Q86SG7
P36952,P36952
P53779,P53779
O60882,O60882
P02689,P02689
Q99519,Q99519
P58215,P58215
Q9UBM4,Q9UBM4
P00480,P00480
Q9NRC9,Q9NRC9
P12931,P12931
Q13519,Q13519
P00491,P00491
O60894,O60894
O60896,O60896
P61587,P61587
P16519,P16519
P17900,P17900
P48594,P48594
Q02297,Q02297
Q00796,Q00796
Q13501,Q13501
Q96H15,Q96H15
P21589,P21589
P02760,P02760
Q13444,Q13444
P15144,P15144
P27487,P27487
P01732,P01732
Q8N129,Q8N129
P20849,P20849
Q96CG8,Q96CG8
Q03591,Q03591
P07686,P07686
P54317,P54317
Q86VZ4,Q86VZ4
Q13526,Q13526
P55058,P55058
Q6UW15,Q6UW15
O95498,O95498
P49913,P49913
A8K2U0,A8K2U0
O00468,O00468
P19801,P19801
P23141,P23141
Q9HCU0,Q9HCU0
Q9NZV1,Q9NZV1
Q14512,Q14512
P41439,P41439
O14792,O14792
O75882,O75882
O00292,O00292
O00292.1,O00292.1
Q96CA5.1,Q96CA5.1
Q9Y561,Q9Y561
P54802,P54802
O95502,O95502
Q16651,Q16651
P06276,P06276
P0DJI8,P0DJI8
P35542,P35542
O94985,O94985
Q9H4G4,Q9H4G4
P13716,P13716
P15259,P15259
P00326,P00326
P48637,P48637
P09622,P09622
P21291,P21291
P54760,P54760
P21757.1,P21757.1
P40926,P40926
Q9BQR3,Q9BQR3
Q96PX8,Q96PX8
P08670,P08670
P12532,P12532
Q9P0G3,Q9P0G3
P63098,P63098
O43175,O43175
P22303,P22303
P19961,P19961
Q07075,Q07075
P58335,P58335
P20062,P20062
P08236,P08236
Q8WXI7,Q8WXI7
P51911,P51911
P20963,P20963
P02458,P02458
P20023,P20023
O14594,O14594
P20248,P20248
P12724,P12724
Q6UWR7,Q6UWR7
Q15375,Q15375
Q8TC84,Q8TC84
O00602,O00602
Q6BAA4,Q6BAA4
P36980,P36980
Q9UBX5,Q9UBX5
P14207,P14207
P06280,P06280
P02774,P02774
P07203,P07203
Q92743,Q92743
O94992,O94992
P08887,P08887
P17301,P17301
P45984,P45984
P08727,P08727
P30613,P30613
P23443,P23443
P28838.1,P28838.1
Q9HAP6,Q9HAP6
P16233,P16233
Q8N149,Q8N149
O75022.1,O75022.1
Q9UBD3,Q9UBD3
Q16653,Q16653
Q8N2Q7,Q8N2Q7
Q14982,Q14982
Q15116,Q15116
P98160,P98160
P31749,P31749
P11464,P11464
P02753,P02753
O75093,O75093
Q9H3U7,Q9H3U7
Q8WY21,Q8WY21
Q9UPU3,Q9UPU3
Q01995,Q01995
Q8IYR6,Q8IYR6
P43251,P43251
Q03692,Q03692
P12643,P12643
P12644,P12644
P34820,P34820
P15056,P15056
Q7Z5L3,Q7Z5L3
P11912,P11912
P17676,P17676
Q9UBU2,Q9UBU2
P55103,P55103
P49257,P49257
Q96S42,Q96S42
P06401,P06401
P40222,P40222
P24298,P24298
P55286,P55286
P35916,P35916
P29353,P29353
P78380,P78380
Q9BXR6,Q9BXR6
P11717,P11717
Q14112,Q14112
Q9Y5W5,Q9Y5W5
O75791,O75791
P42680,P42680
O60218,O60218
P54764,P54764
P09681,P09681
P01286,P01286
O75473,O75473
Q8WZ75,Q8WZ75
Q9UNK4,Q9UNK4
Q495A1,Q495A1
Q9NZC2,Q9NZC2
Q96DR5,Q96DR5
Q9BXB1,Q9BXB1
P55287,P55287
Q6UXZ4,Q6UXZ4
Q7Z6A9,Q7Z6A9
Q9UK85,Q9UK85
P55285,P55285
P17948,P17948
P32926,P32926
P37023,P37023
Q9NPF0,Q9NPF0
Q8WU39,Q8WU39
Q9Y4C0,Q9Y4C0
Q15399.1,Q15399.1
P42212,P42212
P17096,P17096
P51692,P51692
Q99972,Q99972
P04217,P04217
P50583,P50583
Q9C0J1,Q9C0J1
P05814,P05814
P11021,P11021
Q9BZP6,Q9BZP6
Q13158,Q13158
Q9NVQ4,Q9NVQ4
O76003,O76003
Q86SX6,Q86SX6
Q9HCN4,Q9HCN4
P0C862,P0C862
P15121,P15121
P06396,P06396
Q6UWL6,Q6UWL6
Q7Z4F1,Q7Z4F1
O75056,O75056
Q12864,Q12864
Q2MKA7,Q2MKA7
P13929,P13929
P31944,P31944
Q07108,Q07108
O60449,O60449
Q8NCW5,Q8NCW5
P09529.1,P09529.1
P12645,P12645
P55107,P55107
P16860,P16860
P12110,P12110
O14936,O14936
Q9NR23,Q9NR23
Q7Z4P5,Q7Z4P5
P51858,P51858
Q9NPH9,Q9NPH9
O14960,O14960
P02775,P02775
P14923,P14923
P60763,P60763
P48304,P48304
Q8IX30,Q8IX30
P0DMV8.5,P0DMV8.5
Q8NFI3,Q8NFI3
Q01523,Q01523
O15389,O15389
Q9NX40,Q9NX40
P22676,P22676
O76074,O76074
P45378,P45378
O00746,O00746
P31150,P31150
Q13642,Q13642
Q9H5V8,Q9H5V8
O95236,O95236
P54252,P54252
P12109,P12109
Q99704,Q99704
Q02985,Q02985
O15519,O15519
O95297,O95297
P20337,P20337
O15539,O15539
O43819,O43819
Q5T2W1,Q5T2W1
Q9NWW6,Q9NWW6
Q9Y4Z0,Q9Y4Z0
Q15555,Q15555
P61019,P61019
Q96D15,Q96D15
Q9Y371,Q9Y371
Q8TBE9,Q8TBE9
Q92804,Q92804
Q00536,Q00536
O43708,O43708
Q96A72,Q96A72
Q9Y3D2,Q9Y3D2
Q9NRX4,Q9NRX4
P20338,P20338
Q9UPY8,Q9UPY8
Q9Y3E5,Q9Y3E5
Q8N6G6,Q8N6G6
Q13822,Q13822
Q96SU4,Q96SU4
Q8NFP4,Q8NFP4
P11279,P11279
Q8N3J6,Q8N3J6
P23515,P23515
O00584,O00584
P08571,P08571
Q9H3S1,Q9H3S1
Q9H5Y7,Q9H5Y7
O15455,O15455
P07108,P07108
Q9ULL4,Q9ULL4
P35080,P35080
P05186,P05186
"P00488, P05160",P00488
P49888,P49888
P68871,P68871
P08263,P08263
Q9GZP0,Q9GZP0
"P05109, P06702",P05109
P30043,P30043
P61604,P61604
Q14653,Q14653
P43632,P43632
P43628,P43628
Q15185,Q15185
Q9UK41,Q9UK41
O15075,O15075
P62253,P62253
P39656,P39656
P12429,P12429
P09525,P09525
P02775.1,P02775.1
P55075,P55075
P10092,P10092
P02808,P02808
P52564,P52564
O75475,O75475
Q99933,Q99933
Q16740,Q16740
Q9NWT6,Q9NWT6
P43626,P43626
Q53EL6,Q53EL6
P11086,P11086
P20339,P20339
O00204,O00204
P56279,P56279
P20774,P20774
P13796,P13796
Q8IZQ5,Q8IZQ5
Q9NRN7,Q9NRN7
Q16774,Q16774
Q9BVJ7,Q9BVJ7
Q9BT09,Q9BT09
Q9BUT1,Q9BUT1
Q96MU8,Q96MU8
Q9NX46,Q9NX46
P11310,P11310
P63027,P63027
Q70SY1,Q70SY1
P25490,P25490
Q9BWD1,Q9BWD1
Q8TD06,Q8TD06
O15079,O15079
Q9UBI4,Q9UBI4
Q8N4Q0,Q8N4Q0
Q8NFU4,Q8NFU4
Q96BJ3,Q96BJ3
P57105,P57105
Q9UQN3,Q9UQN3
Q9H2B2,Q9H2B2
Q8WWZ1,Q8WWZ1
Q9HD40,Q9HD40
P40337,P40337
P08579,P08579
Q16773,Q16773
Q96GG9,Q96GG9
P16949,P16949
Q9NUJ1,Q9NUJ1
Q13541,Q13541
P42330,P42330
P61086,P61086
Q9NSY2,Q9NSY2
P08237,P08237
Q15653,Q15653
Q96I25,Q96I25
P16219,P16219
P07327,P07327
Q8NBQ5,Q8NBQ5
P09601,P09601
O14734,O14734
P45954,P45954
Q96KC2,Q96KC2
Q9Y5K5,Q9Y5K5
Q92871,Q92871
O15182,O15182
Q92890,Q92890
Q9UGI8,Q9UGI8
Q9NZ94,Q9NZ94
P27144,P27144
P13804,P13804
P78368.1,P78368.1
P09923,P09923
Q6FHJ7,Q6FHJ7
P21926,P21926
P12081,P12081
O43521,O43521
P00450,P00450
Q8IUX8,Q8IUX8
P15328,P15328
Q8NBJ4,Q8NBJ4
P20591,P20591
P10914,P10914
Q96CM8,Q96CM8
Q9BPW9,Q9BPW9
Q9UMX1,Q9UMX1
O95619,O95619
Q96KB5,Q96KB5
Q9H299,Q9H299
Q9NTG7,Q9NTG7
Q9UQQ1,Q9UQQ1
P32754,P32754
P37108,P37108
P78346,P78346
Q13287,Q13287
P50995,P50995
Q9UL25,Q9UL25
P48723,P48723
P20336,P20336
Q9UNL4,Q9UNL4
P27352,P27352
Q9Y2D0,Q9Y2D0
Q9NPJ3,Q9NPJ3
Q15642,Q15642
O95971,O95971
P54762,P54762
P15529,P15529
Q9P000,Q9P000
P06727,P06727
Q99426,Q99426
O14773,O14773
O00478,O00478
Q14141,Q14141
Q9UL46,Q9UL46
Q86XR7,Q86XR7
Q8WZ82,Q8WZ82
Q969T9,Q969T9
Q9UNS1,Q9UNS1
P22309,P22309
O75496,O75496
Q92598,Q92598
Q13522,Q13522
Q16890,Q16890
P23763,P23763
Q13907,Q13907
O60861,O60861
Q02790,Q02790
Q9NZC7,Q9NZC7
Q9Y6N9,Q9Y6N9
Q9NR31,Q9NR31
O95997,O95997
O43633,O43633
Q16763,Q16763
O43768,O43768
O95166,O95166
Q7Z2E3,Q7Z2E3
P26440,P26440
Q9UBG3,Q9UBG3
Q16836,Q16836
P10301,P10301
P49459,P49459
P62491,P62491
Q9Y3D6,Q9Y3D6
Q13077,Q13077
Q53FA7,Q53FA7
P31350,P31350
P53674,P53674
P78540,P78540
O60701,O60701
P32321,P32321
Q9Y376,Q9Y376
Q7Z4W1,Q7Z4W1
P61964,P61964
Q9UKK9,Q9UKK9
P08134,P08134
O95149,O95149
P14598,P14598
Q9UJM8,Q9UJM8
Q8WW12,Q8WW12
O43402,O43402
O75575,O75575
O15205,O15205
Q99747,Q99747
P62318,P62318
Q9UI15,Q9UI15
Q9BY49,Q9BY49
Q96GA7,Q96GA7
Q13637,Q13637
Q9H492,Q9H492
P09110,P09110
Q96EY8,Q96EY8
P60983,P60983
O43598,O43598
O95749,O95749
P30084,P30084
Q15274,Q15274
P37235,P37235
P51649,P51649
O95057,O95057
O15305,O15305
O15116,O15116
P29218,P29218
Q13616,Q13616
O95336,O95336
P57086,P57086
Q9NR45,Q9NR45
Q9NVS9,Q9NVS9
O75940,O75940
O00560,O00560
Q9NQR4,Q9NQR4
O00338,O00338
Q93096,Q93096
Q86WA6,Q86WA6
O95861,O95861
P61601,P61601
Q9NX09,Q9NX09
Q9Y2Z0,Q9Y2Z0
Q6P587,Q6P587
P58340,P58340
O60551,O60551
Q96A58,Q96A58
P62316,P62316
P29692,P29692
Q8TF09,Q8TF09
Q9HCY8,Q9HCY8
Q9BQ50,Q9BQ50
Q9BXS1,Q9BXS1
P27216,P27216
Q96FQ6,Q96FQ6
O15247,O15247
Q9HAB8,Q9HAB8
Q9Y295,Q9Y295
O43474,O43474
Q9Y570,Q9Y570
P41227,P41227
P49798,P49798
Q9NPB1,Q9NPB1
P28330,P28330
Q9NT62,Q9NT62
Q14790,Q14790
P22061,P22061
Q9NWZ3,Q9NWZ3
Q15819,Q15819
P62745,P62745
P32322,P32322
Q9Y294,Q9Y294
O95154,O95154
Q8WUM4,Q8WUM4
Q99536,Q99536
Q13564,Q13564
P49591,P49591
P52788,P52788
Q8WWV3,Q8WWV3
Q9Y5U2,Q9Y5U2
P35558,P35558
Q5SW96,Q5SW96
P49915,P49915
P05062,P05062
P26639,P26639
P45381,P45381
P50440,P50440
Q9BRG1,Q9BRG1
P57730,P57730
P43487,P43487
P43359,P43359
Q9UBU8,Q9UBU8
Q0Z7S8,Q0Z7S8
Q8WV07,Q8WV07
P17540,P17540
P09105,P09105
P11049,P11049
P23193,P23193
P43360,P43360
P28332,P28332
O95067,O95067
Q9Y657,Q9Y657
Q969M7,Q969M7
P48507,P48507
Q9NWX6,Q9NWX6
Q14626,Q14626
Q96F85,Q96F85
Q9HD15,Q9HD15
Q9NR46,Q9NR46
Q9NRV9,Q9NRV9
P20674,P20674
O75956,O75956
Q9Y3C1,Q9Y3C1
Q9UKY0,Q9UKY0
P78356,P78356
A6NDG6,A6NDG6
Q3ZCW2,Q3ZCW2
Q9NQ35,Q9NQ35
P47874,P47874
P36551,P36551
Q15506,Q15506
P30085,P30085
P20073.1,P20073.1
Q9UHQ9,Q9UHQ9
P09132,P09132
P50222,P50222
Q8N6N6,Q8N6N6
Q86WR0,Q86WR0
Q8IZ26,Q8IZ26
Q5XLA6,Q5XLA6
Q6NT46,Q6NT46
Q12962,Q12962
Q9NWU1,Q9NWU1
Q9UEU5,Q9UEU5
P84101,P84101
P50238,P50238
O95988,O95988
O43715,O43715
Q96FN9,Q96FN9
P61952,P61952
Q8IX03,Q8IX03
Q8NHG7,Q8NHG7
O95229,O95229
Q16663,Q16663
P13928,P13928
P38936,P38936
P48431,P48431
Q9UBQ7,Q9UBQ7
O14807,O14807
P04632,P04632
Q96QR8,Q96QR8
Q69YI7,Q69YI7
Q9H900,Q9H900
Q92686,Q92686
Q9P287,Q9P287
O75781,O75781
Q9H2U2,Q9H2U2
Q8NFX7,Q8NFX7
O75390,O75390
P63302,P63302
O00399,O00399
Q9UGV2,Q9UGV2
Q7L266,Q7L266
Q96DX8,Q96DX8
Q9UH03,Q9UH03
O76080,O76080
Q99963,Q99963
O00330,O00330
P13995,P13995
Q6NYC1,Q6NYC1
Q14194,Q14194
P51687,P51687
P43361,P43361
Q9Y5X3,Q9Y5X3
Q96C36,Q96C36
P11908,P11908
Q96G03,Q96G03
O14810,O14810
O60547,O60547
O75874,O75874
P49720,P49720
P28070,P28070
Q9Y617,Q9Y617
Q9NUI1,Q9NUI1
P24043 P07942 P11047,P24043 P07942 P11047
Q14103,Q14103
P35241,P35241
Q9UBH0,Q9UBH0
P08590,P08590
P02768,P02768
P05091,P05091
P21964,P21964
Q00688,Q00688
O75832,O75832
P35754,P35754
P50502,P50502
P01562,P01562
Q9NZL9,Q9NZL9
P54922,P54922
Q08117,Q08117
P17516,P17516
P51857,P51857
O43687,O43687
Q6NS38,Q6NS38
Q96Q83,Q96Q83
Q6DCA0,Q6DCA0
Q01433,Q01433
Q6NXT1,Q6NXT1
P56377,P56377
Q9Y2Y0,Q9Y2Y0
P18085,P18085
P84085,P84085
Q8N4G2,Q8N4G2
Q9NXU5,Q9NXU5
P49703,P49703
Q9Y689,Q9Y689
Q9H0F7,Q9H0F7
Q6T311,Q6T311
Q9HBK9,Q9HBK9
O15511,O15511
P53602,P53602
P12830,P12830
P11234,P11234
P62380,P62380
Q14CS0,Q14CS0
Q13427,Q13427
Q9H7Z7,Q9H7Z7
P47224,P47224
Q9NUU7,Q9NUU7
P08476 P55103,P08476 P55103
P83916,P83916
P45877,P45877
P0C0L4  P0C0L5,P0C0L4  P0C0L5
Q8N257,Q8N257
Q14240,Q14240
P60842,P60842
Q8WWA0,Q8WWA0
Q96JA1,Q96JA1
P0DJI9,P0DJI9
Q15121,Q15121
Q96EQ0,Q96EQ0
P01266,P01266
O14796,O14796
Q9UIV8,Q9UIV8
P62837,P62837
O60516,O60516
Q8N5S9,Q8N5S9
Q9Y4C5,Q9Y4C5
P35030,P35030
Q96LZ3,Q96LZ3
Q13185,Q13185
P07766,P07766
Q9BQI0,Q9BQI0
P31997,P31997
P49715,P49715
P02458.1,P02458.1
Q8NCG5,Q8NCG5
Q99439,Q99439
O60565,O60565
P02461,P02461
P48960,P48960
Q9H4D0,Q9H4D0
P60981,P60981
Q9UDY4,Q9UDY4
Q8TD84,Q8TD84
Q9Y5L3,Q9Y5L3
A6NFH5,A6NFH5
P02675,P02675
P32456,P32456
O75487,O75487
Q9Y653,Q9Y653
P18283,P18283
Q03013,Q03013
Q8IZP7,Q8IZP7
Q92769,Q92769
Q5TGJ6,Q5TGJ6
Q9Y3E1,Q9Y3E1
P01112,P01112
P0DMV9,P0DMV9
Q16566,Q16566
P08779,P08779
P43629,P43629
Q96B26,Q96B26
O14910,O14910
P51946,P51946
Q99487,Q99487
Q9BY32,Q9BY32
P04746,P04746
P27815,P27815
P78562,P78562
P34810,P34810
P28066,P28066
P25788,P25788
Q6H3X3,Q6H3X3
Q8WXG8,Q8WXG8
O94813,O94813
O75094,O75094
Q9HAN9,Q9HAN9
P49221,P49221
P21980,P21980
O60602,O60602
P98155,P98155
P28065,P28065
Q8N8N7,Q8N8N7
Q08116,Q08116
Q96PB8,Q96PB8
P15153,P15153
P51608,P51608
Q8IYN2,Q8IYN2
Q9Y316,Q9Y316
P61081,P61081
Q969E4,Q969E4
Q9UJC5,Q9UJC5
O00142,O00142
Q96DG6,Q96DG6
Q8TDH9,Q8TDH9
Q96A00,Q96A00
Q92882,Q92882
P35638,P35638
P14920,P14920
Q9UHD9,Q9UHD9
O14950,O14950
Q8NI38,Q8NI38
Q8WVY7,Q8WVY7
P13861,P13861
Q9NQG5,Q9NQG5
O14558,O14558
Q2M296,Q2M296
P50452,P50452
Q01085,Q01085
Q5T653,Q5T653
P53803,P53803
Q969T7,Q969T7
Q02252,Q02252
O75031,O75031
P51397,P51397
Q9UJW3,Q9UJW3
Q6BCY4,Q6BCY4
P15884,P15884
Q8N565,Q8N565
Q9UHV8,Q9UHV8
O60220,O60220
O60256,O60256
P41236,P41236
Q15777,Q15777
P07093,P07093
Q15004,Q15004
Q9HCU8,Q9HCU8
Q9Y4E8,Q9Y4E8
Q96AG4,Q96AG4
P39019,P39019
O43586,O43586
O43427,O43427
Q9NRF9,Q9NRF9
Q8TCF1,Q8TCF1
Q7Z5G4,Q7Z5G4
P49006,P49006
Q9NUQ9,Q9NUQ9
Q7L9L4,Q7L9L4
Q9UBP9,Q9UBP9
P30050,P30050
O95630,O95630
Q99733,Q99733
P54578,P54578
O14933,O14933
P61758,P61758
Q8TEA8,Q8TEA8
P46782,P46782
Q9BPY8,Q9BPY8
P24752,P24752
P52435,P52435
Q16718,Q16718
Q06187,Q06187
P36639,P36639
P55263,P55263
P27037,P27037
P25963,P25963
Q9UGM3,Q9UGM3
O60575,O60575
Q92597,Q92597
P61970,P61970
P61020,P61020
P62820,P62820
O14602,O14602
Q8WV28,Q8WV28
Q16520,Q16520
O95816,O95816
Q86YM7,Q86YM7
P30711,P30711
O75365,O75365
O00244,O00244
P53999,P53999
P30046,P30046
P15104,P15104
P84077,P84077
Q13442,Q13442
P82980,P82980
O60925,O60925
Q9UHV9,Q9UHV9
P51668,P51668
Q15046,Q15046
Q99417,Q99417
P10124,P10124
P49721,P49721
Q8WUD1,Q8WUD1
P36959,P36959
Q9NPJ8,Q9NPJ8
P09496,P09496
Q92947,Q92947
P05198,P05198
O14908,O14908
Q9H190,Q9H190
P49748,P49748
P06730,P06730
P15927,P15927
P17987,P17987
Q13283,Q13283
Q16775,Q16775
P54577,P54577
P63096,P63096
Q9UBV8,Q9UBV8
P00390,P00390
Q13424,Q13424
P51553,P51553
P62308,P62308
Q8NFU3,Q8NFU3
Q9H0U4,Q9H0U4
P09455,P09455
P61077,P61077
O15525,O15525
P51153,P51153
Q02045,Q02045
O43583,O43583
P06132,P06132
P00492,P00492
O14958,O14958
O75436,O75436
Q9P021,Q9P021
P36873,P36873
Q01449,Q01449
P11413,P11413
Q6P9H5,Q6P9H5
Q6UWS5,Q6UWS5
O14579,O14579
P22914,P22914
Q8IWL3,Q8IWL3
P15309,P15309
O00559,O00559
Q96IU4,Q96IU4
O14929,O14929
O96017,O96017
Q9H422,Q9H422
Q9UQB8,Q9UQB8
Q9Y3A3,Q9Y3A3
P61978,P61978
O95881,O95881
Q9UK76,Q9UK76
Q8WZA0,Q8WZA0
Q9BR61.1,Q9BR61.1
O43570,O43570
Q86WC4,Q86WC4
Q6ZVM7,Q6ZVM7
P51809,P51809
Q86UE6,Q86UE6
O15232,O15232
P12004,P12004
O15382,O15382
Q7Z412,Q7Z412
P42126,P42126
Q92830,Q92830
Q9Y661,Q9Y661
Q7Z553,Q7Z553
P19105,P19105
P56278,P56278
P40261,P40261
O95897,O95897
O95716,O95716
Q2M5E4,Q2M5E4
Q9BW66,Q9BW66
P55289,P55289
O94760,O94760
P15692,P15692
O95926,O95926
Q9P2T1,Q9P2T1
Q16831,Q16831
Q9H477,Q9H477
Q9BSH5,Q9BSH5
Q06136,Q06136
O75340,O75340
Q92506,Q92506
Q9UBP8,Q9UBP8
Q9BXD5,Q9BXD5
O60493,O60493
P23919,P23919
Q6IB77,Q6IB77
Q6PH85,Q6PH85
P52926,P52926
P52790,P52790
Q99497,Q99497
Q99497.1,Q99497.1
Q16623,Q16623
P61956,P61956
P17927,P17927
Q86Z14,Q86Z14
O75096,O75096
Q9HCM2,Q9HCM2
Q9Y4D7,Q9Y4D7
Q96RU2,Q96RU2
Q9BYH1,Q9BYH1
Q15306,Q15306
P00533,P00533
P40933,P40933
P55075.1,P55075.1
P53567,P53567
P08514 P05106,P08514 P05106
P19235,P19235
O60496.1,O60496.1
P59665,P59665
P24593,P24593
P31371,P31371
Q96E17,Q96E17
P52294,P52294
P35247,P35247
Q92994,Q92994
Q96DX5,Q96DX5
P17535,P17535
Q14623,Q14623
P60033,P60033
P20061,P20061
Q9H0P0,Q9H0P0
Q9BUP0,Q9BUP0
Q14914,Q14914
Q15700,Q15700
P08476.1,P08476.1
P08865,P08865
P01042.1,P01042.1
Q14314,Q14314
P17693,P17693
P06850,P06850
P01213,P01213
P10997,P10997
P01270,P01270
Var.2604,Var.2604
Var.2605,Var.2605
Var.2606,Var.2606
Var.2607,Var.2607
Var.2608,Var.2608
Var.2609,Var.2609
Var.2610,Var.2610
Var.2611,Var.2611
Var.2612,Var.2612
HCE001796,HCE001796
HCE003167,HCE003167
P0C0L4  P0C0L5.1,P0C0L4  P0C0L5.1
P03951,P03951
Q9Y4X3,Q9Y4X3
HCE000414,HCE000414
P39060,P39060
P01033,P01033
P00750,P00750
HCE003183,HCE003183
P58294,P58294
HCE004333,HCE004333
HCE004359,HCE004359
P16035,P16035
HCE004331,HCE004331
HCE003300,HCE003300
HCE000483,HCE000483
P01137,P01137
HCE004152,HCE004152
P01031,P01031
P02649,P02649
P23560.1,P23560.1
"P07357,P07358,P07360",P07357
HCE000342,HCE000342
P08311,P08311
Q9H2A7,Q9H2A7
O15520,O15520
P55075.2,P55075.2
Q9NZK7,Q9NZK7
P39877,P39877
P78556,P78556
P02743,P02743
P10721,P10721
P35625,P35625
Q9Y264,Q9Y264
O60609,O60609
HCE000104,HCE000104
Q15768,Q15768
O00451,O00451
O00585,O00585
P09429,P09429
P01189,P01189
P05156,P05156
P17936,P17936
P13500,P13500
P14780,P14780
P05164,P05164
P01236,P01236
Q01973,Q01973
P15692.1,P15692.1
P41273,P41273
O15123,O15123
P28908,P28908
O75462 Q9UBD9,O75462 Q9UBD9
P01034,P01034
Q06418,Q06418
P55010,P55010
P52798,P52798
P52803,P52803
P04626,P04626
P21860,P21860
Q15303,Q15303
P09758.1,P09758.1
P40189,P40189
P30519,P30519
P07900,P07900
Q08334,Q08334
P42701,P42701
P78552,P78552
P31785,P31785
Q6UX15,Q6UX15
P36941,P36941
P22897,P22897
Q04912,Q04912
P68402,P68402
P22223,P22223
P17252,P17252
Q05513,Q05513
P50395,P50395
P32942,P32942
Q03405,Q03405
P19438,P19438
Q16288,Q16288
Q02223,Q02223
P07585,P07585
P07384 P04632,P07384 P04632
P00533.1,P00533.1
P14210,P14210
P10809,P10809
P01024,P01024
Q16674,Q16674
P14555,P14555
P13725.1,P13725.1
P16284,P16284
O60542,O60542
P02776,P02776
P07225,P07225
O14836,O14836
O15444,O15444
P05543,P05543
Q9UNG2,Q9UNG2
Q12904,Q12904
Q99062,Q99062
Q9NZH6,Q9NZH6
P24821,P24821
Q29983,Q29983
P16435,P16435
Q9H9S0,Q9H9S0
O95944,O95944
P48745,P48745
O43699,O43699
Q9Y286,Q9Y286
Q15465,Q15465
P01857,P01857
Q9BZM4,Q9BZM4
P02647,P02647
P43026,P43026
P02745  P02746  P02747,P02745  P02746  P02747
P01024.1,P01024.1
P01024.2,P01024.2
O95990,O95990
O76093,O76093
Q9NP95,Q9NP95
O95390 O14793,O95390 O14793
P18093,P18093
P22362,P22362
P08833,P08833
P22301,P22301
Q14005,Q14005
Q9GZX6,Q9GZX6
P02788,P02788
Q8NHW4,Q8NHW4
P16619,P16619
P08254,P08254
P09237,P09237
P02775.2,P02775.2
P00441,P00441
P02671 P02675 P02679,P02671 P02675 P02679
P04114,P04114
Q9BYF1,Q9BYF1
P36896,P36896
O75173,O75173
Q15389,Q15389
O00253,O00253
P50895,P50895
P33151,P33151
Q86VX2,Q86VX2
Q92838.1,Q92838.1
P78423,P78423
O43278,O43278
Q8NEV9 Q14213,Q8NEV9 Q14213
Q9UBX7,Q9UBX7
Q9Y5K2,Q9Y5K2
O60259,O60259
P12956,P12956
P80188,P80188
P08581,P08581
Q9ULZ9,Q9ULZ9
P23510,P23510
O43291,O43291
P35590,P35590
P62979,P62979
P55008,P55008
P01031.1,P01031.1
O14757,O14757
P27361,P27361
Q9BY41,Q9BY41
P52292,P52292
Q02750,Q02750
P63000,P63000
Q06609,Q06609
P20226,P20226
P11387,P11387
P63279,P63279
P07947,P07947
P01011,P01011
P10643,P10643
Q16619,Q16619
Q9NRJ3,Q9NRJ3
Var.2792,Var.2792
Q16627,Q16627
P05112,P05112
P21741,P21741
P55773,P55773
P05121,P05121
P02649.1,P02649.1
P02649.2,P02649.2
Q5T4W7,Q5T4W7
P99999,P99999
P08684,P08684
P41271,P41271
P00746,P00746
P10912,P10912
O15496,O15496
P22692,P22692
P05019,P05019
"P01215, P01229",P01215
P27918,P27918
P04070,P04070
P12272,P12272
Q9Y240,Q9Y240
P19320,P19320
O95150,O95150
P15514,P15514
P18075,P18075
P16671,P16671
Q12860,Q12860
P29279,P29279
Q02413,Q02413
Q9UNE0,Q9UNE0
P42830,P42830
P56470,P56470
P09341,P09341
P16403,P16403
P14778,P14778
Q96F46,Q96F46
O95256,O95256
Q9HB29,Q9HB29
P57087,P57087
Q9BX67,Q9BX67
Q13449,Q13449
P11226,P11226
O14931,O14931
Q9BQ51,Q9BQ51
P18031,P18031
Q9Y336,Q9Y336
Q03167,Q03167
Q969D9,Q969D9
P16410,P16410
P08697,P08697
P09038,P09038
P20810,P20810
P55773.1,P55773.1
Q9NNX6,Q9NNX6
Q9H2X3,Q9H2X3
"P01215,  P01225",P01215
P05162,P05162
P14136,P14136
Q9UHD0,Q9UHD0
P01584,P01584
O14625,O14625
P10147,P10147
Q9UBG0,Q9UBG0
P02144,P02144
P09486,P09486
P55774,P55774
P21246,P21246
Q9HD89,Q9HD89
P07477,P07477
P04275,P04275
P48023,P48023
P00738,P00738
P24394,P24394
O95388.1,O95388.1
Q9Y275,Q9Y275
P02748,P02748
P12034,P12034
P17931,P17931
O60383,O60383
P01871,P01871
P60568,P60568
P35225,P35225
O95998,O95998
P18428,P18428
P00742,P00742
P49763,P49763
Q99969,Q99969
Q9BZM6,Q9BZM6
Q9BZM5,Q9BZM5
Q9HAV5,Q9HAV5
O14965,O14965
P28482,P28482
Q9NR28,Q9NR28
P49767,P49767
P01730,P01730
P19875,P19875
P01589,P01589
P20333,P20333
P20138,P20138
Q9UNA0,Q9UNA0
P35475,P35475
P50579,P50579
P05067,P05067
P15848,P15848
Q02083,Q02083
Q9UHI8,Q9UHI8
Q76LX8,Q76LX8
P53634,P53634
P10619,P10619
P25774,P25774
P49961,P49961
P08709,P08709
P06681,P06681
P54108,P54108
P98073,P98073
Q96NZ8,Q96NZ8
Q96KP4,Q96KP4
Q9HCN6,Q9HCN6
P22749,P22749
P10915,P10915
P14735,P14735
P22304,P22304
Q9UKR0,Q9UKR0
Q9Y337.1,Q9Y337.1
Q8NCW0,Q8NCW0
P09960,P09960
Q9Y5Y7,Q9Y5Y7
Q9NQ76,Q9NQ76
P53582,P53582
Q9NR71,Q9NR71
P14543,P14543
P01833,P01833
P07949,P07949
Q8N474,Q8N474
Q14563,Q14563
P13686,P13686
Q76M96,Q76M96
Q8TEU8,Q8TEU8
P16112,P16112
Q15582,Q15582
P21810,P21810
P00736,P00736
Q6YHK3,Q6YHK3
P06734,P06734
P09326,P09326
O43866,O43866
P0CG37,P0CG37
Q02246,Q02246
Q8IWV2,Q8IWV2
O94779,O94779
O76096,O76096
Q9NR61,Q9NR61
P12318,P12318
P31994,P31994
O75015,O75015
P12314,P12314
Q15485.1,Q15485.1
P56159,P56159
Q8N158,Q8N158
P05546,P05546
O43464,O43464
Q16270,Q16270
Q13007,Q13007
Q6UXM1,Q6UXM1
Q14114,Q14114
Q9HBG7,Q9HBG7
O00339,O00339
Q9BY67,Q9BY67
Q9HB63,Q9HB63
O75594,O75594
Q6NW40,Q6NW40
Q6ZVN8,Q6ZVN8
P10646,P10646
P35442.1,P35442.1
P35443,P35443
P00519,P00519
P42684,P42684
Q03154,Q03154
P01008,P01008
Q96GD4,Q96GD4
P25098,P25098
P13497,P13497
Q9UQM7,Q9UQM7
Q13554,Q13554
P23280,P23280
P43166,P43166
P24941 P20248,P24941 P20248
Q00535 Q15078,Q00535 Q15078
P49336 P24863,P49336 P24863
Q9UJ71,Q9UJ71
Q9BU40,Q9BU40
P41240,P41240
O60911,O60911
Q9UBT3,Q9UBT3
Q16610,Q16610
Q9UGM5,Q9UGM5
P20718,P20718
P08631,P08631
Q8NFM7,Q8NFM7
P49862,P49862
P41743,P41743
P07948,P07948
O75914,O75914
Q9P286,Q9P286
P05154,P05154
P42336 P27986,P42336 P27986
P48736,P48736
Q9Y243,Q9Y243
P53350,P53350
P00797,P00797
Q06124,Q06124
Q8WWQ8,Q8WWQ8
Q9UHD2,Q9UHD2
P17706,P17706
P20231,P20231
Q9NRR2,Q9NRR2
Q9Y3C8,Q9Y3C8
P10415,P10415
Q16548,Q16548
P51813,P51813
P21815,P21815
Q8IU85,Q8IU85
Q13557,Q13557
Q8N1Q1,Q8N1Q1
P32971,P32971
P06493 P14635,P06493 P14635
P23946,P23946
P68400,P68400
P21709,P21709
P29320,P29320
P02751,P02751
P02751.1,P02751.1
P36888,P36888
O95633,O95633
P12544,P12544
P49840,P49840
Q13261.1,Q13261.1
P10145,P10145
P06213,P06213
P29622,P29622
Q92876,Q92876
P06239,P06239
P07948.1,P07948.1
Q15063,Q15063
P09619,P09619
Q96GW7,Q96GW7
P17612,P17612
P51812,P51812
P16581,P16581
O75716,O75716
O15392,O15392
P40238,P40238
P07996,P07996
P04629,P04629
P51452,P51452
Q9NQW7,Q9NQW7
P01019,P01019
P61769.1,P61769.1
P05230,P05230
O43927,O43927
P04040,P04040
P26441,P26441
O60258,O60258
P80162,P80162
P01563,P01563
Q9UHF5,Q9UHF5
"P56199, P05556",P56199
P81172,P81172
"P01374, Q06643",P01374
"P01374, Q06643.1",P01374
P10584,P10584
O00626,O00626
P27142,P27142
P48061,P48061
Q96IY4,Q96IY4
Q92583,Q92583
P10600,P10600
P01215 P01222,P01215 P01222
P01282,P01282
Var.3072,Var.3072
Var.3073,Var.3073
Var.3074,Var.3074
Var.3075,Var.3075
P29965,P29965
O94907,O94907
P20711,P20711
Q15848,Q15848
P01009,P01009
P02765,P02765
P15289,P15289
P35613,P35613
O95393,O95393
Q14012,Q14012
P42574,P42574
Q13231,Q13231
Q9BXN2,Q9BXN2
P48740,P48740
Q9UBP4,Q9UBP4
P15586,P15586
Q04756,Q04756
Q8N6P7,Q8N6P7
Q99538,Q99538
O95711,O95711
Q495T6,Q495T6
P36507,P36507
Q9Y5S2,Q9Y5S2
Q8N126,Q8N126
P30533,P30533
O00206  Q9Y6Y9,O00206  Q9Y6Y9
P42212.1,P42212.1
P35968,P35968
Q9BY79,Q9BY79
P01023,P01023
P00747,P00747
P12277 P06732,P12277 P06732
P08659,P08659
P46527,P46527
P06237,P06237
P16860.1,P16860.1
P26349,P26349
P10082,P10082
P09683,P09683
P43489,P43489
P09603,P09603
P33183,P33183
P04070.1,P04070.1
P35354,P35354
Q02763,Q02763
Q13443,Q13443
Q9BY76,Q9BY76
P19022,P19022
Q16790,Q16790
P07451,P07451
P12277,P12277
P28325,P28325
Q9NQ30,Q9NQ30
P54756,P54756
Q9GZV9,Q9GZV9
P21802,P21802
P22607.1,P22607.1
P09769,P09769
P06241,P06241
Q99665,Q99665
Q04759,Q04759
P49137,P49137
Q8IW41,Q8IW41
Q16644,Q16644
P42679,P42679
P45983,P45983
Q9NQU5,Q9NQU5
P60484,P60484
Q13882,Q13882
O60603,O60603
P61960,P61960
P43403,P43403
O00170,O00170
P62937,P62937
Q9NP97,Q9NP97
O95571,O95571
P04406,P04406
P42212.2,P42212.2
P25685,P25685
P40925,P40925
Q13765,Q13765
Q06830,Q06830
P24666,P24666
P25786,P25786
P60900,P60900
P62081,P62081
Q9Y3A5,Q9Y3A5
Q6UXD5,Q6UXD5
O43765,O43765
P13693,P13693
P07202,P07202
P68036,P68036
Q99856,Q99856
Q16543,Q16543
P63167,P63167
Q14974,Q14974
Q9UK53,Q9UK53
P20700,P20700
P07195,P07195
O95243,O95243
Q15648,Q15648
Q13421,Q13421
Q9UJ70,Q9UJ70
P18669,P18669
Q96GD0,Q96GD0
P51665,P51665
P63208,P63208
O95219,O95219
P61088,P61088
Q08345,Q08345
P08620,P08620
P0DMV8.6,P0DMV8.6
Q15109,Q15109
P17213,P17213
P13671,P13671
O00175,O00175
P00751,P00751
P10767,P10767
P02751.2,P02751.2
P19883,P19883
P10144,P10144
P01854,P01854
Q8TAD2,Q8TAD2
Q9H293,Q9H293
Q9NYY1,Q9NYY1
P13232,P13232
P02778,P02778
P47992,P47992
Q99616,Q99616
P20783,P20783
P34130,P34130
Q13219,Q13219
P01127,P01127
P00747.1,P00747.1
P00747.2,P00747.2
P03952,P03952
P01011.1,P01011.1
P16109,P16109
P24821.1,P24821.1
P61812,P61812
P00734,P00734
P00749,P00749
P08603,P08603
P08253,P08253
P02787,P02787
P0C0S5,P0C0S5
P61981,P61981
Q13542,Q13542
P52209,P52209
O43488,O43488
P14550,P14550
Q92688,Q92688
P23528,P23528
Q9NP79,Q9NP79
Q9UBC2,Q9UBC2
Q99714,Q99714
P16591,P16591
O60506,O60506
P78344,P78344
P08069,P08069
Q01638,Q01638
Q9UIC8,Q9UIC8
P14618,P14618
P32004,P32004
P22392,P22392
Q9UNZ2,Q9UNZ2
Q8IVD9,Q8IVD9
Q9UQ80,Q9UQ80
P27169,P27169
O00541,O00541
Q99471,Q99471
P06744,P06744
P30086,P30086
P07237,P07237
P25787,P25787
P62826,P62826
Q14498,Q14498
P54920,P54920
Q9NYA1,Q9NYA1
Q9HCB6,Q9HCB6
P04183,P04183
Q8N3X6,Q8N3X6
P29401,P29401
P60174,P60174
Q9H773,Q9H773
P29350,P29350
Q9BXJ7,Q9BXJ7
P09228,P09228
Q9BWV1,Q9BWV1
Q9P126,Q9P126
P02741,P02741
P05362,P05362
Q9UIK4,Q9UIK4
O43781,O43781
Q99988,Q99988
O43323,O43323
P61328,P61328
O43320,O43320
P55075.3,P55075.3
Q8IU54,Q8IU54
Q8IZJ0,Q8IZJ0
P26927,P26927
P03973,P03973
O43184,O43184
Q07817,Q07817
Q9GZX3,Q9GZX3
Q9BWP8,Q9BWP8
Q6UWV6,Q6UWV6
O75355,O75355
O75356,O75356
Q96P31,Q96P31
Q86VH5,Q86VH5
Q08431,Q08431
Q16549,Q16549
O15530,O15530
Q9BZZ2,Q9BZZ2
Q14515,Q14515
Q9NRA0,Q9NRA0
Q7LFX5,Q7LFX5
Q08188,Q08188
P07951,P07951
P62979.1,P62979.1
P43403.1,P43403.1
P05155,P05155
P01024.3,P01024.3
"P0C0L4, P0C0L5",P0C0L4
"P01031,P13671",P01031
P21781,P21781
P20809,P20809
P39900,P39900
P13591,P13591
P04085,P04085
Q9Y240.1,Q9Y240.1
Q8TE58,Q8TE58
Q9GZN4,Q9GZN4
Q10588,Q10588
P45973,P45973
Q4KMG0,Q4KMG0
P10909,P10909
Q86Y22,Q86Y22
P02775.3,P02775.3
Q96DA6,Q96DA6
Q9UHX3,Q9UHX3
Q9NZU1,Q9NZU1
P21217,P21217
Q11128,Q11128
Q8IZF4,Q8IZF4
Q7Z4V5,Q7Z4V5
Q6ZMJ4,Q6ZMJ4
Q8IZU9,Q8IZU9
Q16719,Q16719
P06239.1,P06239.1
P58417,P58417
P19174,P19174
O60486,O60486
Q6UXX9,Q6UXX9
O60880,O60880
O94991,O94991
Q96PQ0,Q96PQ0
P68408,P68408
P01298,P01298
Var.3337,Var.3337
Var.3338,Var.3338
Var.3339,Var.3339
Var.3340,Var.3340
Var.3341,Var.3341
Var.3342,Var.3342
Var.3343,Var.3343
Var.3344,Var.3344
Var.3345,Var.3345
Var.3346,Var.3346
Var.3347,Var.3347
Var.3348,Var.3348
Var.3349,Var.3349
Var.3350,Var.3350
Var.3351,Var.3351
Var.3352,Var.3352
Var.3353,Var.3353
Var.3354,Var.3354
Var.3355,Var.3355
Var.3356,Var.3356
Var.3357,Var.3357
P05231,P05231
P31937,P31937
P04141,P04141
P01374,P01374
P11171,P11171
Q04917,Q04917
P14061,P14061
P05090,P05090
P08700,P08700
P23284,P23284
P30101,P30101
Q07654,Q07654
P43652,P43652
Q6UX06,Q6UX06
Q92484,Q92484
P06396.1,P06396.1
P08185,P08185
Q70626,Q70626
P22079,P22079
P27658,P27658
Q14624,Q14624
P31947,P31947
P14151,P14151
O00220,O00220
P29317,P29317
P09919,P09919
P51654,P51654
P01583,P01583
Q13873,Q13873
Q16620,Q16620
P15692.2,P15692.2
P03950,P03950
P00740,P00740
P00742.1,P00742.1
Q9UK05,Q9UK05
P01308,P01308
P80098,P80098
O00755,O00755
P01189.1,P01189.1
P01275,P01275
P01024.4,P01024.4
Q08209  P63098,Q08209  P63098
P42575,P42575
Q14019,Q14019
P12259,P12259
P02671 P02675 P02679.1,P02671 P02675 P02679.1
P17813,P17813
O00214,O00214
P04054,P04054
P09211,P09211
P17174,P17174
O15467,O15467
"P01215,P01233",P01215
"P69905, P68871",P69905
P01880,P01880
"P06756, P18084",P06756
P61626,P61626
Q99731,Q99731
P03971,P03971
P03956,P03956
P45452,P45452
P04278,P04278
P52823,P52823
P13726,P13726
O14944,O14944
O95994,O95994
P04083,P04083
P07355.1,P07355.1
Q49AH0,Q49AH0
P56211,P56211
Q9NZ08,Q9NZ08
P06576,P06576
Q07021,Q07021
P40121,P40121
P00915,P00915
P00918,P00918
Q9UBR2,Q9UBR2
Q13489,Q13489
P46108,P46108
Q9UJU6,Q9UJU6
Q07507,Q07507
Q14574,Q14574
P19957,P19957
P10768,P10768
Q01469,Q01469
Q05397,Q05397
P24071,P24071
P22455,P22455
P02679,P02679
P07359,P07359
P78333,P78333
P28799,P28799
Q16772,Q16772
P15428,P15428
P04196,P04196
P38919,P38919
Q08380,Q08380
O75556,O75556
P50281,P50281
Q15759,Q15759
P53778,P53778
O15264,O15264
Q16539,Q16539
P04179,P04179
P26038,P26038
P43490,P43490
P00568,P00568
O00299,O00299
P16333,P16333
Q13093,Q13093
P30044,P30044
P30041,P30041
P09936,P09936
P00558,P00558
Q15181,Q15181
P30566,P30566
P06400,P06400
P23396,P23396
Q86VB7,Q86VB7
Q12884,Q12884
Q8IXJ6,Q8IXJ6
Q13813,Q13813
Q08945,Q08945
P09493,P09493
P07478,P07478
P04818,P04818
P98066,P98066
Q9NZQ7,Q9NZQ7
O75144,O75144
Q15762,Q15762
Q9BZW8,Q9BZW8
Q01151,Q01151
Q08708,Q08708
P08174,P08174
O95407,O95407
Q5JZY3,Q5JZY3
O15197,O15197
Q9NP60,Q9NP60
Q9UHF4,Q9UHF4
Q969J5,Q969J5
Q5VWK5,Q5VWK5
P16871,P16871
Q8NHL6,Q8NHL6
Q8N423,Q8N423
P78504,P78504
Q9Y219,Q9Y219
Q86YT9,Q86YT9
Q99706,Q99706
P43630,P43630
Q14943,Q14943
Q9NZS2,Q9NZS2
Q14108,Q14108
Q29980,Q29980
Q8TD46,Q8TD46
Q9BZR6,Q9BZR6
Q04721.1,Q04721.1
P46531,P46531
Q9UM47,Q9UM47
Q92823,Q92823
P58400,P58400
Q9HDB5,Q9HDB5
P41217,P41217
P16471,P16471
Q9HCK4,Q9HCK4
Q96MS0,Q96MS0
Q9H3T3,Q9H3T3
Q9UMF0,Q9UMF0
Q96DU3,Q96DU3
Q14162,Q14162
Q9NS68,Q9NS68
Q6UWB1,Q6UWB1
P37173,P37173
Q8TDQ0.1,Q8TDQ0.1
Q9NP84,Q9NP84
O95185,O95185
Q13946,Q13946
Q13131 Q9Y478 P54619,Q13131 Q9Y478 P54619
P30419,P30419
O76083,O76083
Q08752,Q08752
P61289,P61289
Q14397,Q14397
P68400.1,P68400.1
P68400 P67870,P68400 P67870
P19784 P67870,P19784 P67870
Q15118,Q15118
Q02241,Q02241
P20839,P20839
P04035,P04035
Q8NBP7,Q8NBP7
P20393,P20393
Q9UNP9,Q9UNP9
P45985,P45985
P54646 O43741 P54619,P54646 O43741 P54619
O00408,O00408
P30405,P30405
O94768,O94768
P12268,P12268
Q9HCR9,Q9HCR9
P54750,P54750
Q14432,Q14432
Q08499,Q08499
O76074.1,O76074.1
O43318 Q15750,O43318 Q15750
P29597,P29597
P42684.1,P42684.1
O75815.1,O75815.1
P27797,P27797
O75791.1,O75791.1
P51512,P51512
P29353.1,P29353.1
P15498,P15498
Q9H1K4,Q9H1K4
P51671,P51671
P00740.1,P00740.1
P02649.3,P02649.3
P45379,P45379
P00734.1,P00734.1
P08133,P08133
P42081,P42081
P06702,P06702
Q92851,Q92851
P16870,P16870
Q8WWK9,Q8WWK9
Q99829,Q99829
P14635,P14635
O00548,O00548
Q9Y625,Q9Y625
P22626,P22626
Q92956,Q92956
P18510,P18510
P05783,P05783
O43557,O43557
Q8N0W4,Q8N0W4
Q99983,Q99983
P11309,P11309
P31751.1,P31751.1
O15041,O15041
Q01105,Q01105
Q96RJ3,Q96RJ3
P25445,P25445
P48357,P48357
O75509,O75509
P55291.1,P55291.1
P26842,P26842
P78324,P78324
P05413,P05413
P48788,P48788
P19429,P19429
P01160,P01160
Q13740,Q13740
P07306,P07306
Q96KN2,Q96KN2
Q5KU26,Q5KU26
P01037,P01037
Q9UMR2,Q9UMR2
O75636,O75636
P54826,P54826
P62993,P62993
O60243,O60243
P08238,P08238
Q8NAC3,Q8NAC3
P05771,P05771
P05129,P05129
Q04609,Q04609
P13501,P13501
P20936,P20936
Q96B86,Q96B86
P61247,P61247
P13598,P13598
Q9NQ25,Q9NQ25
P12931.1,P12931.1
P31948,P31948
Q08629,Q08629
Q92563,Q92563
Q9BYP7,Q9BYP7
P62306,P62306
P07339,P07339
P01133,P01133
Q9Y5U5.1,Q9Y5U5.1
P11362,P11362
O14763,O14763
O14786,O14786
Q08830,Q08830
P34925,P34925
P20062.1,P20062.1
Q9UNW1,Q9UNW1
Q8TCW7,Q8TCW7
Q14554,Q14554
P06127.1,P06127.1
Q9H772,Q9H772
Q8NBM8,Q8NBM8
Q96PD5,Q96PD5
Q5GAN6,Q5GAN6
Q9Y251,Q9Y251
O00587,O00587
P55081,P55081
Q7Z5A7,Q7Z5A7
Q5VUB5,Q5VUB5
Q8NET1,Q8NET1
Q9BX68,Q9BX68
Q9GZY6,Q9GZY6
P06850.1,P06850.1
Q8WUF8,Q8WUF8
O15130,O15130
P58499,P58499
P19021,P19021
Q9NS62,Q9NS62
Q8TDQ1,Q8TDQ1
Q99895,Q99895
P01148,P01148
Q9NS98,Q9NS98
P26715,P26715
Q9UGN4,Q9UGN4
P12872,P12872
Q9NQ79,Q9NQ79
Q9H488,Q9H488
P55083,P55083
Q9Y2I2,Q9Y2I2
Q8NBJ5,Q8NBJ5
Q8TDF5.1,Q8TDF5.1
Q6JVE9,Q6JVE9
P34096,P34096
Q93091,Q93091
Q6GPI1,Q6GPI1
Q00888,Q00888
Q15084,Q15084
Q13046,Q13046
A4D1T9,A4D1T9
Q96JJ7,Q96JJ7
P21128,P21128
Q11201,Q11201
P05160,P05160
P20396,P20396
P08294,P08294
Q14116,Q14116
P10720,P10720
Q8N104,Q8N104
Q13214,Q13214
Q5JXA9,Q5JXA9
P17538,P17538
P24821.2,P24821.2
P42127,P42127
Q6UXQ4,Q6UXQ4
P81534,P81534
Q9NPH6,Q9NPH6
Q6EMK4,Q6EMK4
P14314,P14314
Q9NTU7,Q9NTU7
Q30KQ8,Q30KQ8
Q9NNX1,Q9NNX1
Q9H0B8,Q9H0B8
P22105,P22105
P05452,P05452
Q99784,Q99784
P51124,P51124
P41970,P41970
Q969E1,Q969E1
Q8IZI9,Q8IZI9
P05013,P05013
Q9BUJ0,Q9BUJ0
Q6PB30,Q6PB30
O75339,O75339
Q15884,Q15884
P42785,P42785
P51460,P51460
Q6UWP8,Q6UWP8
Q6PDA7,Q6PDA7
Q6Y288,Q6Y288
Q96LA6,Q96LA6
O95715,O95715
Q6UWN8,Q6UWN8
Q96NY8,Q96NY8
Q96EU7,Q96EU7
Q5T2D2,Q5T2D2
Q92854,Q92854
P24821.3,P24821.3
P60985,P60985
Q9Y6N7,Q9Y6N7
Q9NPH0,Q9NPH0
Q16568,Q16568
Q9BUN1,Q9BUN1
O43692,O43692
Q13510,Q13510
P04118,P04118
Q6P1Q0,Q6P1Q0
Q96L08,Q96L08
Q7Z5A9,Q7Z5A9
Q9Y581,Q9Y581
P09681.1,P09681.1
Q9BXP8,Q9BXP8
O95467,O95467
Q9UKQ9,Q9UKQ9
Q08648,Q08648
Q8WTQ1,Q8WTQ1
Q10471,Q10471
Q5J5C9,Q5J5C9
P02771,P02771
P55957,P55957
P01138,P01138
P01024.5,P01024.5
P32970,P32970
P13385,P13385
P01588,P01588
P39905,P39905
P15260,P15260
P15248,P15248
P42702,P42702
Q96KQ7,Q96KQ7
P80511,P80511
P10636,P10636
P63104,P63104
P46952,P46952
P04075,P04075
P05089,P05089
Q92934,Q92934
Q13561,Q13561
P24534,P24534
Q15056,Q15056
P63241,P63241
P07492,P07492
P49773,P49773
P11142,P11142
P15531,P15531
P50542,P50542
Q06323,Q06323
O95389,O95389
P02794 P02792,P02794 P02792
P01375,P01375
O43508,O43508
P40225,P40225
P01270.1,P01270.1
P61278,P61278
Q99LC4.92,Q99LC4.92
Q6E0U4,Q6E0U4
Q53S33,Q53S33
P30042,P30042
O43557.1,O43557.1
O95399,O95399
Q99435,Q99435
Q8WXF3,Q8WXF3
P15907,P15907
Var.3800,Var.3800
Q99LC4.93,Q99LC4.93
P24387,P24387
P24821.4,P24821.4
Q99LC4.94,Q99LC4.94
Q13332,Q13332
O95157,O95157
P12273,P12273
Q9BS26,Q9BS26
Q8NBJ7,Q8NBJ7
Q99LC4.95,Q99LC4.95
Q9NZK5,Q9NZK5
Q8TE99,Q8TE99
Q9UKZ9,Q9UKZ9
Q6WN34,Q6WN34
Q99LC4.96,Q99LC4.96
Q96RD9,Q96RD9
Q9UNI1,Q9UNI1
Q99LC4.97,Q99LC4.97
P16519.1,P16519.1
Q7Z304,Q7Z304
Q99LC4.98,Q99LC4.98
P04637,P04637
P46734,P46734
P04637.1,P04637.1
P07602,P07602
P01569,P01569
Q6NT52,Q6NT52
P32881,P32881
Q5EBL8,Q5EBL8
Q9BRR6,Q9BRR6
Q16661,Q16661
Q8IYU8,Q8IYU8
O43240,O43240
Q9HBV2,Q9HBV2
O95813,O95813
O76061,O76061
Q6UXI7,Q6UXI7
Q8N441,Q8N441
Q9UQ74,Q9UQ74
Q2MKA7.1,Q2MKA7.1
Q92692,Q92692
O00241,O00241
Q96QR1,Q96QR1
Q96SM3,Q96SM3
O95867,O95867
Q99674,Q99674
P24821.5,P24821.5
P24821.6,P24821.6
Q9NRM6,Q9NRM6
O00622,O00622
Q9H169,Q9H169
Q32P28,Q32P28
Q2TBF2,Q2TBF2
P09958,P09958
Q99LC4.99,Q99LC4.99
O95206,O95206
Q16842,Q16842
Q8IX19,Q8IX19
Q6UX46,Q6UX46
Q14165,Q14165
Q6ZRI8,Q6ZRI8
Q765I0,Q765I0
Q9BQT9,Q9BQT9
Q86Y30,Q86Y30
Q99LC4.100,Q99LC4.100
Q8WWZ8,Q8WWZ8
Q99LC4.101,Q99LC4.101
Q9BXJ1,Q9BXJ1
Q6P4A8,Q6P4A8
Q9Y5H3,Q9Y5H3
Q92874,Q92874
P12644.1,P12644.1
P36268,P36268
Q99LC4.102,Q99LC4.102
Q6UXI9,Q6UXI9
P02655,P02655
P40259,P40259
P14616,P14616
Q99LC4.103,Q99LC4.103
Q6MZM0,Q6MZM0
P08861,P08861
Q8NAT1,Q8NAT1
Q7Z7B8,Q7Z7B8
Q15256,Q15256
Q9H1Z8,Q9H1Z8
Q99LC4.104,Q99LC4.104
Q9BX59,Q9BX59
Q99LC4.105,Q99LC4.105
Q96J42,Q96J42
Q06828,Q06828
Q9H114,Q9H114
O75398,O75398
O43827,O43827
Q9Y2T7,Q9Y2T7
P80370,P80370
Q8NBI6,Q8NBI6
Q7Z4W2,Q7Z4W2
Q86SI9,Q86SI9
Q86TH1,Q86TH1
Q14197,Q14197
O00462,O00462
O43897,O43897
Q8IUB2,Q8IUB2
Q6PCB0,Q6PCB0
Q99LC4.106,Q99LC4.106
Q96EE4,Q96EE4
Q99LC4.107,Q99LC4.107
P0C0P6,P0C0P6
Q8N6C8,Q8N6C8
O76076,O76076
P14625,P14625
Q96T91,Q96T91
P36776,P36776
Q8IZN7,Q8IZN7
Q8NBR0,Q8NBR0
Q99LC4.108,Q99LC4.108
Q9UKJ1.1,Q9UKJ1.1
O75973,O75973
P11465,P11465
Q9C002,Q9C002
O00515,O00515
P55103.1,P55103.1
Q8IZF2,Q8IZF2
Q14641,Q14641
Q30KP9,Q30KP9
Q99LC4.109,Q99LC4.109
Q5VXJ0,Q5VXJ0
Q86UD1,Q86UD1
P22792,P22792
Q86XP6,Q86XP6
Q99LC4.110,Q99LC4.110
Q99LC4.111,Q99LC4.111
Q9NX18,Q9NX18
P05015,P05015
Q5GAN3,Q5GAN3
Q99542,Q99542
Q8N3H0,Q8N3H0
Q9UHG3,Q9UHG3
Q96MK3,Q96MK3
O75106,O75106
Q9H972,Q9H972
Q13361,Q13361
Q9UKP5,Q9UKP5
Q86Y29,Q86Y29
Q99LC4.112,Q99LC4.112
Q16557,Q16557
P26022,P26022
Q99985,Q99985
P51161,P51161
Q9BXN1,Q9BXN1
Q8NHJ6,Q8NHJ6
P52565,P52565
Q86UW8,Q86UW8
Q00889,Q00889
Q9Y5H4,Q9Y5H4
P04843.1,P04843.1
P02656,P02656
Q99727,Q99727
P83859,P83859
Q6DKI7,Q6DKI7
Q99LC4.113,Q99LC4.113
Q8NBL1,Q8NBL1
Q86UU9,Q86UU9
O95868,O95868
P23142,P23142
Q92496,Q92496
P40967,P40967
Q9NP55,Q9NP55
A6NGN9,A6NGN9
Q8WVQ1,Q8WVQ1
P15814,P15814
Q9H2R5,Q9H2R5
Q66K79,Q66K79
Q96QH8,Q96QH8
P05305,P05305
P80370.1,P80370.1
O15537,O15537
Q9Y4K0,Q9Y4K0
P49755,P49755
O15394,O15394
O95969,O95969
Q8TEB7,Q8TEB7
Q96LR4,Q96LR4
P55107.1,P55107.1
Q9UBU3,Q9UBU3
P08493,P08493
P47972,P47972
Q99LC4.114,Q99LC4.114
Q6B8I1,Q6B8I1
Q9NY56,Q9NY56
Q7L0X0,Q7L0X0
Q9UBQ6,Q9UBQ6
Q99935,Q99935
Q96A26,Q96A26
Q8WZ79,Q8WZ79
Q8NHP8,Q8NHP8
Q8IYS2,Q8IYS2
P81277,P81277
Q92832,Q92832
P04156,P04156
O60235,O60235
Q96N03,Q96N03
Q14773,Q14773
Q8IW75,Q8IW75
Q9UL16,Q9UL16
Q9UJZ1,Q9UJZ1
Q9UJA9,Q9UJA9
Q8TF66,Q8TF66
Q9Y6Z7,Q9Y6Z7
Var.4010,Var.4010
P0DMV8.7,P0DMV8.7
Q5TAT6,Q5TAT6
Q8N4C9,Q8N4C9
Q86VH4,Q86VH4
O60667,O60667
Q93070,Q93070
Q16363,Q16363
Q9H2S6,Q9H2S6
P20742,P20742
P23327,P23327
O75078,O75078
Q96NI6,Q96NI6
Q14435,Q14435
Q9NPB0,Q9NPB0
Q8TBP5,Q8TBP5
Q8J025,Q8J025
Q8NC24,Q8NC24
P23352,P23352
Q8TB73,Q8TB73
P35858,P35858
Q15726,Q15726
P09543,P09543
Q6UW63,Q6UW63
Q6PL45,Q6PL45
Q6DN72,Q6DN72
Q96FE5,Q96FE5
P04090,P04090
Q9ULZ1,Q9ULZ1
O96014,O96014
Q8NBU5,Q8NBU5
Q9NRB3,Q9NRB3
P54315,P54315
P60022,P60022
P20849.1,P20849.1
B0FP48,B0FP48
P0CG47,P0CG47
P0CG48,P0CG48
O95631,O95631
P0CG47.1,P0CG47.1
Q08722,Q08722
P10696,P10696
Q86VZ4.1,Q86VZ4.1
P10696.1,P10696.1
P02786,P02786
Q8NEQ5,Q8NEQ5
O94766,O94766
Q9H0N5,Q9H0N5
Q9Y385,Q9Y385
O43300,O43300
Q8N6Q1,Q8N6Q1
Q10469,Q10469
Q6EIG7,Q6EIG7
Q86XE3,Q86XE3
P26583,P26583
Q6UWJ8,Q6UWJ8
Q9BY71,Q9BY71
P06307,P06307
P02008,P02008
Q6UXV0,Q6UXV0
O60512,O60512
O00469,O00469
Q9Y5X2,Q9Y5X2
P52848,P52848
O43173,O43173
P61647,P61647
P08648,P08648
Q9BQ48,Q9BQ48
Q99LC4.115,Q99LC4.115
Q969W9,Q969W9
Q9BWL3,Q9BWL3
O60330,O60330
Q9HDC5,Q9HDC5
Q8NBK3,Q8NBK3
Q9Y274,Q9Y274
Q92562,Q92562
Q96FT7,Q96FT7
Q13596,Q13596
Q6UXB1,Q6UXB1
P79483,P79483
Q9UHC6,Q9UHC6
P61266,P61266
Q99LC4.116,Q99LC4.116
Q8TCV5,Q8TCV5
P04233,P04233
O95295,O95295
Q969P0,Q969P0
Q9Y662,Q9Y662
Q9HCN8,Q9HCN8
Q9Y231,Q9Y231
P02042,P02042
Q9UK00,Q9UK00
Q9ULW5,Q9ULW5
Q12797,Q12797
Q86SR1,Q86SR1
Q9BXS0,Q9BXS0
Q9Y296,Q9Y296
P21854,P21854
Q6PIL6,Q6PIL6
Q99LC4.117,Q99LC4.117
O75023,O75023
Q02742,Q02742
Q9UJK0,Q9UJK0
O75326,O75326
Q9GZS9,Q9GZS9
Q99LC4.118,Q99LC4.118
Q92187,Q92187
Q12983,Q12983
Q96LM9,Q96LM9
Q7Z692,Q7Z692
O75077,O75077
Q7Z3B1.1,Q7Z3B1.1
Q9UHP7,Q9UHP7
Q99LC4.119,Q99LC4.119
Q6PI73,Q6PI73
Q96HE7,Q96HE7
Q9BV40,Q9BV40
O95866,O95866
Q5JX69,Q5JX69
Q96NA8,Q96NA8
P23276,P23276
Q9UKM7,Q9UKM7
Q8WYQ4,Q8WYQ4
O95672,O95672
Q99LC4.120,Q99LC4.120
O00481,O00481
Q6ZMB0,Q6ZMB0
O95460,O95460
Q8NBI3,Q8NBI3
Q15517,Q15517
Q9BT88,Q9BT88
Q10472,Q10472
Q8N807,Q8N807
Q96DB5,Q96DB5
Q9Y6F8,Q9Y6F8
Q8N475,Q8N475
P06729,P06729
Q86V35,Q86V35
Q9BTV7,Q9BTV7
Q86WS3,Q86WS3
O75264,O75264
Q9UBS4,Q9UBS4
Q9HAV7,Q9HAV7
P04279,P04279
Q8IYS5,Q8IYS5
O75830,O75830
Q8IVU1.1,Q8IVU1.1
O43581,O43581
Q86TS9,Q86TS9
Q9HBE4,Q9HBE4
Q99LC4.121,Q99LC4.121
P02652,P02652
Q5GFL6,Q5GFL6
Q6ISS4,Q6ISS4
P24821.7,P24821.7
Q86Z23,Q86Z23
Q99LC4.122,Q99LC4.122
Q9UJ68,Q9UJ68
Q8IW52,Q8IW52
P08217,P08217
Q9UQ53,Q9UQ53
P15169,P15169
Q8NFS9,Q8NFS9
Q96I82,Q96I82
Q06033,Q06033
P13667,P13667
Q8IUA0,Q8IUA0
Q9BQD7,Q9BQD7
Q9NPE2,Q9NPE2
Q6P5S2,Q6P5S2
P20851,P20851
Q6P4F1,Q6P4F1
Q9UN74,Q9UN74
O95479,O95479
Q9GZZ8,Q9GZZ8
Q9P0L0,Q9P0L0
Q8N3T6.1,Q8N3T6.1
Q9Y5H1,Q9Y5H1
Q9NTK1,Q9NTK1
O94856,O94856
P01570,P01570
O95292,O95292
Q6UXH0,Q6UXH0
Q14002,Q14002
P40197,P40197
Q13277,Q13277
Q5SGD2,Q5SGD2
Q7LGC8,Q7LGC8
Q14BN4,Q14BN4
Q8IU57,Q8IU57
Q9H158,Q9H158
Q9Y639,Q9Y639
P05000,P05000
Q9Y5T4,Q9Y5T4
O75063,O75063
O14994,O14994
Q9ULH4,Q9ULH4
Q9H1K1,Q9H1K1
Q9H3T2.1,Q9H3T2.1
Q9Y644,Q9Y644
Q3KPI0,Q3KPI0
P09467,P09467
Q13123,Q13123
Q9UBM8,Q9UBM8
P51693,P51693
P07998,P07998
P00387,P00387
P14415,P14415
P0DMV8.8,P0DMV8.8
Q07065,Q07065
Q99584,Q99584
Q6PIZ9,Q6PIZ9
Q8N4V1,Q8N4V1
O43405,O43405
Q969X2,Q969X2
Q6ZMR5,Q6ZMR5
O15547,O15547
Q8IYK4,Q8IYK4
Q14703,Q14703
Q8IW00,Q8IW00
Q9H665,Q9H665
O95319,O95319
Q5SZK8,Q5SZK8
Q5T7V8,Q5T7V8
Q9HD36,Q9HD36
Q9BXJ4,Q9BXJ4
Q96PU8,Q96PU8
Q96A98,Q96A98
P13727,P13727
Q8NCH0,Q8NCH0
P61366,P61366
Q86WD7,Q86WD7
O15270,O15270
Q14392,Q14392
Q01484,Q01484
P27348,P27348
Q96HD1,Q96HD1
Q12907,Q12907
Q00872,Q00872
P16860.2,P16860.2
Q14596,Q14596
Q06787,Q06787
P13569,P13569
O75379,O75379
Q96PE5,Q96PE5
P18564,P18564
P32856,P32856
Q969F0,Q969F0
Q92541,Q92541
Q8N7C7,Q8N7C7
Q3ZCQ8,Q3ZCQ8
Q9NZ45,Q9NZ45
Q99LC4.123,Q99LC4.123
Q9NX14,Q9NX14
P19404,P19404
Q96HF1,Q96HF1
Q8WXI8,Q8WXI8
Q9BUP3.1,Q9BUP3.1
P78504.1,P78504.1
P18084,P18084
P01906,P01906
Q9Y6U7,Q9Y6U7
Q9Y259,Q9Y259
O75324,O75324
P55287.1,P55287.1
O43736,O43736
Q12836,Q12836
Q6UWE3,Q6UWE3
P78314,P78314
Q9UMS0,Q9UMS0
P43627,P43627
Q8IZJ1.1,Q8IZJ1.1
Q96LW7,Q96LW7
Q9NPF2,Q9NPF2
P56851,P56851
P01042.2,P01042.2
Q15768.1,Q15768.1
Q92478,Q92478
A6NI73,A6NI73
P18859,P18859
Q13162,Q13162
P15018,P15018
Q9GZT6,Q9GZT6
Q07444.1,Q07444.1
P11912.1,P11912.1
Q9P0B6,Q9P0B6
Q99LC4.124,Q99LC4.124
Q99LC4.125,Q99LC4.125
Q99LC4.126,Q99LC4.126
O43916,O43916
O95249,O95249
Q9UBV7,Q9UBV7
O94923,O94923
Q9BWV2,Q9BWV2
Q9BXJ0,Q9BXJ0
P05187,P05187
Q8WX77,Q8WX77
Q99LC4.127,Q99LC4.127
Q99LC4.128,Q99LC4.128
Q6ZN66,Q6ZN66
Q13901,Q13901
Q9NWW9,Q9NWW9
Q9UJ37,Q9UJ37
Q8IXL7,Q8IXL7
Q8N2K0,Q8N2K0
Q9C098,Q9C098
Q8TC27,Q8TC27
O60238,O60238
Q99954,Q99954
Q7Z5A8,Q7Z5A8
Q96AP7,Q96AP7
O75920,O75920
Q99LC4.129,Q99LC4.129
Q9UQ72,Q9UQ72
Q99LC4.130,Q99LC4.130
Q16769,Q16769
Q96KJ9,Q96KJ9
Q86W74,Q86W74
Q9H2K0,Q9H2K0
O75880,O75880
Q68D85,Q68D85
Q8WW52,Q8WW52
P30990,P30990
Q9UN70,Q9UN70
Q5GLZ8,Q5GLZ8
Q01974,Q01974
O00264,O00264
Q9NYZ4,Q9NYZ4
P53816,P53816
Q96LL9,Q96LL9
Q9NSC7,Q9NSC7
Q24JP5,Q24JP5
Q99LC4.131,Q99LC4.131
Q96PF2,Q96PF2
P08567,P08567
P60468,P60468
P08684.1,P08684.1
P25786.1,P25786.1
Q8N5Y8,Q8N5Y8
O15269,O15269
P10606,P10606
Q9Y2R0,Q9Y2R0
Q8N608,Q8N608
P19224,P19224
A2RU67,A2RU67
P11487,P11487
Q8TCY5,Q8TCY5
Q92796,Q92796
Q8TC05,Q8TC05
Q15836,Q15836
P00738.1,P00738.1
Q9P244,Q9P244
Q8IWT1,Q8IWT1
P31151,P31151
O75976,O75976
P04745,P04745
Q92186,Q92186
Q86VR8,Q86VR8
P35318.1,P35318.1
Q9C0C4,Q9C0C4
P09693,P09693
A6NFE2,A6NFE2
P49223,P49223
Q9BVH7,Q9BVH7
O60507,O60507
Q9Y3B2,Q9Y3B2
Q8NBV8,Q8NBV8
Q9P0K1,Q9P0K1
Q9ULP0,Q9ULP0
O95461,O95461
A1A4F0,A1A4F0
Q86UP6,Q86UP6
Q8N743,Q8N743
Q9H2E6,Q9H2E6
Q96N21,Q96N21
A6NH11,A6NH11
Q6UXG8,Q6UXG8
Q96AJ9,Q96AJ9
Q13291,Q13291
P19827,P19827
Q5TGZ0,Q5TGZ0
Q8WXD2,Q8WXD2
Q9ULB5,Q9ULB5
Q6S5H5,Q6S5H5
P0C7L1,P0C7L1
Q99LC4.132,Q99LC4.132
A6NI47,A6NI47
O95727,O95727
Q8NEX6,Q8NEX6
Q13508,Q13508
Q6ZN44,Q6ZN44
Q9P0K9,Q9P0K9
Q9NY97,Q9NY97
Q96L58,Q96L58
Q9BYC8,Q9BYC8
Q9Y5F6,Q9Y5F6
Q9Y3Q0,Q9Y3Q0
A1L170,A1L170
Q8N6M8,Q8N6M8
Q99LC4.133,Q99LC4.133
Q6HA08,Q6HA08
Q86YB8,Q86YB8
B2RUY7,B2RUY7
Q14184,Q14184
P49961.1,P49961.1
Q8N109,Q8N109
Q9H3S3,Q9H3S3
Q8N145,Q8N145
O14556,O14556
P84157,P84157
Q9NXW2,Q9NXW2
P07858,P07858
O00198,O00198
Q15526,Q15526
Q6ZNF0,Q6ZNF0
Q9H0V9,Q9H0V9
Q5SRI9,Q5SRI9
Q99LC4.134,Q99LC4.134
Q9NNZ3,Q9NNZ3
Q96CU9,Q96CU9
Q96IQ7,Q96IQ7
Q9NZ72,Q9NZ72
Q6P1L8,Q6P1L8
Q99LC4.135,Q99LC4.135
O60704,O60704
Q9NQ38,Q9NQ38
Q99LC4.136,Q99LC4.136
Q99LC4.137,Q99LC4.137
P59942,P59942
Q9H819,Q9H819
A6NNA5,A6NNA5
Q9H425,Q9H425
P01225,P01225
Q15738,Q15738
Q8N128,Q8N128
Q68G75,Q68G75
Q99LC4.138,Q99LC4.138
Q5DT21,Q5DT21
P49747,P49747
P55808,P55808
Q8N743.1,Q8N743.1
P09382,P09382
Q8N4E7,Q8N4E7
Q8N302,Q8N302
Q8TBM8,Q8TBM8
P98153,P98153
Q99LC4.139,Q99LC4.139
P40225.1,P40225.1
O14511,O14511
Q6P995,Q6P995
Q9NVM1,Q9NVM1
P15151,P15151
P0C8F1,P0C8F1
Q86SS6,Q86SS6
Q9Y6H6,Q9Y6H6
Q6NSJ0,Q6NSJ0
P07766.1,P07766.1
P78352,P78352
Q9Y5E2,Q9Y5E2
Q99LC4.140,Q99LC4.140
Q9BUB7,Q9BUB7
Q8IXA5,Q8IXA5
Q99LC4.141,Q99LC4.141
Q8N140,Q8N140
Q1L6U9,Q1L6U9
Q8N7P1,Q8N7P1
Q99LC4.142,Q99LC4.142
Q9Y287,Q9Y287
O43567,O43567
Q8IVY1,Q8IVY1
P22736,P22736
Q6NSJ0.1,Q6NSJ0.1
Q8N5K1,Q8N5K1
Q5VXI9,Q5VXI9
P24557,P24557
Q9BUD6,Q9BUD6
Q7Z4H4,Q7Z4H4
Q6ZWK4,Q6ZWK4
Q13651.1,Q13651.1
P43307,P43307
Q8WY98,Q8WY98
O60844,O60844
Q96D05,Q96D05
P14174,P14174
Q6ZTQ4,Q6ZTQ4
P29323,P29323
Q99LC4.143,Q99LC4.143
Q4G148,Q4G148
P17948.1,P17948.1
Q86UX2,Q86UX2
P05060,P05060
Q8TCD1,Q8TCD1
Q6X4U4,Q6X4U4
P0C7M8,P0C7M8
P00995,P00995
Q9BYC5,Q9BYC5
Q9UMF0.1,Q9UMF0.1
Q08ET2,Q08ET2
Q9UM73,Q9UM73
Q12913,Q12913
Q6P988,Q6P988
Q8WZA1,Q8WZA1
Q9Y6F6,Q9Y6F6
Q8NBZ7,Q8NBZ7
Q99LC4.144,Q99LC4.144
Q99LC4.145,Q99LC4.145
P27105,P27105
Q8TAI1,Q8TAI1
P42167,P42167
Q9Y663,Q9Y663
Q6UWY0,Q6UWY0
Q99LC4.146,Q99LC4.146
P56937,P56937
Q8NI17,Q8NI17
O15400,O15400
Q5VY43,Q5VY43
Q99LC4.147,Q99LC4.147
P18509,P18509
Q99LC4.148,Q99LC4.148
P02749,P02749
Q14956,Q14956
Q99LC4.149,Q99LC4.149
Q7Z4H8,Q7Z4H8
Q8IXB1,Q8IXB1
Q8WWF3,Q8WWF3
P59901,P59901
O75381,O75381
Q9HB07,Q9HB07
O00300,O00300
Q8IWU5,Q8IWU5
O14668,O14668
Q9H3H3,Q9H3H3
Q12794,Q12794
Q96DA0,Q96DA0
Q8N690,Q8N690
Q99LC4.150,Q99LC4.150
Q7Z699,Q7Z699
Q9NWH9,Q9NWH9
Q8N446,Q8N446
Q07654.1,Q07654.1
P08319,P08319
Q6IA17,Q6IA17
Q9H4A9,Q9H4A9
Q9HBU6,Q9HBU6
Q8WWU5,Q8WWU5
Q8IYS0,Q8IYS0
Q92729,Q92729
Q30KQ9,Q30KQ9
Q9BWT3,Q9BWT3
Q96SL4,Q96SL4
Q9UHL4,Q9UHL4
Q9H1M3,Q9H1M3
Q6UWY2,Q6UWY2
Q96PQ1.1,Q96PQ1.1
O60939,O60939
B1AKI9,B1AKI9
P01178,P01178
Q9BR01,Q9BR01
P30048,P30048
O76036,O76036
A8MWY0,A8MWY0
Q9Y2C2,Q9Y2C2
Q9H7X2,Q9H7X2
Q86XK7,Q86XK7
P20333.1,P20333.1
Q14118,Q14118
Q96JP9,Q96JP9
P08138,P08138
P01229,P01229
Q99LC4.151,Q99LC4.151
O95751,O95751
P80370.2,P80370.2
Q99LC4.152,Q99LC4.152
Q8IW41.1,Q8IW41.1
C9JXX5,C9JXX5
Q8WXA2,Q8WXA2
Q9UBP0,Q9UBP0
Q0VAA2,Q0VAA2
P24310,P24310
Q30KQ5,Q30KQ5
P10153,P10153
Q6GMR7,Q6GMR7
Q6ZRP7,Q6ZRP7
P49788,P49788
O94768.1,O94768.1
P07492.1,P07492.1
Q9NRR1,Q9NRR1
P49327,P49327
Q9H3K6,Q9H3K6
O14672,O14672
P05019.1,P05019.1
Q6UXX9.1,Q6UXX9.1
P35222,P35222
Q9BXY4.1,Q9BXY4.1
Q9P121.1,Q9P121.1
Q9Y2T1.1,Q9Y2T1.1
P11006,P11006
P11006.1,P11006.1
P11006.2,P11006.2
P68408.1,P68408.1
P68408.2,P68408.2
P18509.1,P18509.1
Q9UBU3.1,Q9UBU3.1
P26349.1,P26349.1
P26349.2,P26349.2
P18509.2,P18509.2
P37840,P37840
P22004,P22004
P01241,P01241
Q2I0M5,Q2I0M5
P09668,P09668
P08476 P09529,P08476 P09529
P07288,P07288
P18065,P18065
O60930,O60930
Q9TLS8 Q9TLS7,Q9TLS8 Q9TLS7
P10645,P10645
P09238,P09238
Q12805,Q12805
P10584.1,P10584.1
P10584.2,P10584.2
P33183.1,P33183.1
P08659.1,P08659.1
P41159,P41159
Q14145.1,Q14145.1
Q99LC4.153,Q99LC4.153
Q9UKF2,Q9UKF2
O14763.1,O14763.1
Q6E0U4.1,Q6E0U4.1
Q9H6L5,Q9H6L5
Q9BX97,Q9BX97
Q9NVJ2,Q9NVJ2
Q99LC4.154,Q99LC4.154
Q6IE38,Q6IE38
Q9H5V8.1,Q9H5V8.1
Q99LC4.155,Q99LC4.155
Q9P0T7,Q9P0T7
Q07954.1,Q07954.1
Q14956.1,Q14956.1
Q99LC4.156,Q99LC4.156
Q99LC4.157,Q99LC4.157
Q96PL5,Q96PL5
Q8TEB7.1,Q8TEB7.1
Q99LC4.158,Q99LC4.158
Q9BS86,Q9BS86
Q86VH4.1,Q86VH4.1
Q9NNZ3.1,Q9NNZ3.1
O14672.1,O14672.1
O95866.1,O95866.1
Q9NRN5,Q9NRN5
Q504Y2,Q504Y2
Q99LC4.159,Q99LC4.159
Q8IUR0,Q8IUR0
Q99LC4.160,Q99LC4.160
O15173.1,O15173.1
Q53FT3,Q53FT3
Q9NUM4,Q9NUM4
P56539,P56539
Q99999,Q99999
P35052,P35052
Q9NZV1.1,Q9NZV1.1
Q8NCW6,Q8NCW6
P04233.1,P04233.1
P15813,P15813
P18206,P18206
Q99LC4.161,Q99LC4.161
P48645,P48645
Q99LC4.162,Q99LC4.162
Q9UJ90,Q9UJ90
Q9UN72,Q9UN72
Q9NPC4,Q9NPC4
Q9BTE7,Q9BTE7
Q99LC4.163,Q99LC4.163
A6NI73.1,A6NI73.1
P42892,P42892
O95999,O95999
Q99LC4.164,Q99LC4.164
Q99LC4.165,Q99LC4.165
P52799.1,P52799.1
Q9NT22,Q9NT22
Q8N5W8,Q8N5W8
O75477,O75477
Q99LC4.166,Q99LC4.166
Q13253,Q13253
Q9P2E7,Q9P2E7
Q99LC4.167,Q99LC4.167
Q6UWZ7,Q6UWZ7
Q96C12,Q96C12
Q6P995.1,Q6P995.1
Q99LC4.168,Q99LC4.168
P35218,P35218
Q99LC4.169,Q99LC4.169
Q99LC4.170,Q99LC4.170
P16444,P16444
P02786.1,P02786.1
Q96AE7,Q96AE7
Q99LC4.171,Q99LC4.171
Q15223,Q15223
Q9P218,Q9P218
Q99LC4.172,Q99LC4.172
Q13596.1,Q13596.1
Q99LC4.173,Q99LC4.173
Q14CZ8,Q14CZ8
Q13145,Q13145
P10599,P10599
Q6NUJ1,Q6NUJ1
Q6UWY5,Q6UWY5
Q7Z7K6,Q7Z7K6
P38484,P38484
Q99LC4.174,Q99LC4.174
Q99LC4.175,Q99LC4.175
Q99LC4.176,Q99LC4.176
Q9UKJ1.2,Q9UKJ1.2
Q6NXG1,Q6NXG1
Q10589,Q10589
P50591,P50591
P27824,P27824
O75121,O75121
Q6P4E1.1,Q6P4E1.1
O75431,O75431
P09871,P09871
Q8IUL8,Q8IUL8
Q8IYS0.1,Q8IYS0.1
Q9Y2G1,Q9Y2G1
O15072,O15072
Q5R387,Q5R387
Q8TAQ9,Q8TAQ9
Q9UMR7,Q9UMR7
Q9NR55,Q9NR55
O75493,O75493
P27986,P27986
Q5EE01,Q5EE01
Q9NXS2,Q9NXS2
P09466,P09466
Q99LC4.177,Q99LC4.177
Q7KYR7,Q7KYR7
P06748,P06748
P60059,P60059
O75503,O75503
P58401,P58401
P58658,P58658
Q96MU7,Q96MU7
P78536,P78536
Q8IZS8,Q8IZS8
Q9Y266,Q9Y266
A6NGZ8,A6NGZ8
Q9ULG6,Q9ULG6
Q14DG7,Q14DG7
Q9H3G5,Q9H3G5
Q5VY43.1,Q5VY43.1
P09874.1,P09874.1
Q99729,Q99729
A6NM11,A6NM11
Q99LC4.178,Q99LC4.178
Q9HAW9,Q9HAW9
Q92859,Q92859
P61981.1,P61981.1
P09669,P09669
Q9NPA1,Q9NPA1
Q8N967,Q8N967
Q9Y4X1,Q9Y4X1
Q9UJ90.1,Q9UJ90.1
P46926,P46926
Q96RL6,Q96RL6
Q13586,Q13586
Q14289.1,Q14289.1
Q86U42,Q86U42
Q9ULS5,Q9ULS5
Q8N428,Q8N428
Q9NYX4,Q9NYX4
Q7LG56,Q7LG56
E0CX11,E0CX11
A6H8Y1,A6H8Y1
P27469,P27469
O75354,O75354
Q06413,Q06413
O95255,O95255
Q9NZ94.1,Q9NZ94.1
Q7Z2W9,Q7Z2W9
Q99LC4.179,Q99LC4.179
Q15018,Q15018
Q96RI1,Q96RI1
Q99LC4.180,Q99LC4.180
Q9H013,Q9H013
Q99LC4.181,Q99LC4.181
Q9UQC9,Q9UQC9
Q6UVK1,Q6UVK1
P51858.1,P51858.1
Q92918,Q92918
Q68CQ7,Q68CQ7
Q96GP6,Q96GP6
Q96DZ1,Q96DZ1
O00533,O00533
P78536.1,P78536.1
Q6P179,Q6P179
P23443.1,P23443.1
Q9UEU0,Q9UEU0
Q99LC4.182,Q99LC4.182
Q9BV47,Q9BV47
P08571.1,P08571.1
O43353,O43353
Q9ULB1,Q9ULB1
Q96PJ5,Q96PJ5
P39059,P39059
Q92600,Q92600
Q00973,Q00973
Q8IVH8,Q8IVH8
Q99LC4.183,Q99LC4.183
Q6Q8B3,Q6Q8B3
P49746,P49746
Q8NBJ4.1,Q8NBJ4.1
Q96JX3,Q96JX3
Q8IWY4,Q8IWY4
P54709,P54709
Q96PJ5.1,Q96PJ5.1
Q9UHN6,Q9UHN6
O43353.1,O43353.1
Q9P0V8,Q9P0V8
Q9Y661.1,Q9Y661.1
P40198,P40198
Q07837,Q07837
Q86U17,Q86U17
Q9UEW3,Q9UEW3
O15165,O15165
Q9UIW2,Q9UIW2
O14668.1,O14668.1
Q99LC4.184,Q99LC4.184
O94906,O94906
Q86YD3,Q86YD3
Q9Y2Y8,Q9Y2Y8
P55055,P55055
P09848,P09848
Q9P2E7.1,Q9P2E7.1
Q96D42,Q96D42
Q7Z7B7,Q7Z7B7
Q99LC4.185,Q99LC4.185
Q9NZD4,Q9NZD4
Q6UX41,Q6UX41
Q8NFZ4,Q8NFZ4
Q9NVV4,Q9NVV4
A1L188,A1L188
P08922,P08922
P50539,P50539
Q9P2W9,Q9P2W9
O76095,O76095
Q5JTV8.1,Q5JTV8.1
Q9UM22,Q9UM22
Q9UBB9,Q9UBB9
Q8WYK1,Q8WYK1
O14975,O14975
Q99LC4.186,Q99LC4.186
O15427,O15427
Q9BUV0,Q9BUV0
P24001,P24001
P52943,P52943
Q99LC4.187,Q99LC4.187
P0CAP1,P0CAP1
Q16186,Q16186
Q9BVV7,Q9BVV7
Q92565,Q92565
Q9UPX0,Q9UPX0
O15013,O15013
Q99LC4.188,Q99LC4.188
Q9Y6U7.1,Q9Y6U7.1
Q99LC4.189,Q99LC4.189
Q5VZ66,Q5VZ66
Q0P5P2,Q0P5P2
Q99LC4.190,Q99LC4.190
Q96IV6,Q96IV6
Q9UPX6,Q9UPX6
P01210,P01210
O60476,O60476
Q13884,Q13884
Q99LC4.191,Q99LC4.191
Q99726,Q99726
Q5TEA6,Q5TEA6
Q5JS37,Q5JS37
Q99LC4.192,Q99LC4.192
Q8WXH2,Q8WXH2
Q96C24.1,Q96C24.1
O95841.1,O95841.1
Q8WTT0,Q8WTT0
Q15390,Q15390
Q6UXG2.1,Q6UXG2.1
O00445,O00445
Q6UWT4,Q6UWT4
Q5T4F4,Q5T4F4
Q5XG99,Q5XG99
Q8N2F6,Q8N2F6
Q99LC4.193,Q99LC4.193
Q9BSW7,Q9BSW7
Q96JJ6,Q96JJ6
Q5DID0,Q5DID0
O15204,O15204
A8MVW5,A8MVW5
Q9NZH8,Q9NZH8
Q9BQI7,Q9BQI7
Q10981,Q10981
Q99LC4.194,Q99LC4.194
Q8N350,Q8N350
P48740.1,P48740.1
Q86UY8,Q86UY8
P58743,P58743
Q9NZU0.1,Q9NZU0.1
Q9Y258,Q9Y258
Q16552,Q16552
P50461,P50461
P22894,P22894
P36871,P36871
O60469,O60469
P15941.1,P15941.1
P58499.1,P58499.1
Q02297.1,Q02297.1
P38484.1,P38484.1
Q07954.2,Q07954.2
P17181,P17181
P04155,P04155
P05114,P05114
Q07325.1,Q07325.1
P08962,P08962
Q03403,Q03403
P47929,P47929
O00182,O00182
P60604,P60604
P37802.1,P37802.1
P48047,P48047
P01189.2,P01189.2
O95825,O95825
P36955,P36955
Q9UBX1,Q9UBX1
O95954,O95954
Q9UHP3,Q9UHP3
O15031,O15031
Q9UMX5,Q9UMX5
P54753,P54753
Q6GPH6,Q6GPH6
P55145,P55145
Q71RG4,Q71RG4
P40313,P40313
Q9NX62,Q9NX62
P48307,P48307
Q9GZX9,Q9GZX9
Q8IUK5,Q8IUK5
P11117,P11117
Q9P1W8,Q9P1W8
Q8N1E2,Q8N1E2
P50897,P50897
Q99LC4.195,Q99LC4.195
Q969H8,Q969H8
Q9P0T7.1,Q9P0T7.1
Q9Y2E5,Q9Y2E5
P16442,P16442
P12319,P12319
Q9P0M4,Q9P0M4
Q15818,Q15818
Q9BSH4,Q9BSH4
Q99LC4.196,Q99LC4.196
Q9HAT2,Q9HAT2
P43234,P43234
P48060,P48060
Q9NP99,Q9NP99
Q9UI42,Q9UI42
Q13586.1,Q13586.1
O15389.1,O15389.1
P48052,P48052
P48061.1,P48061.1
Q99LC4.197,Q99LC4.197
P16562,P16562
P16070,P16070
P35270,P35270
Q9Y680,Q9Y680
Q96TC7,Q96TC7
P55001.1,P55001.1
P23468,P23468
Q7Z7M8,Q7Z7M8
Q8TAE8,Q8TAE8
Q96PH6,Q96PH6
P10966,P10966
P25311,P25311
P23435,P23435
Q15238,Q15238
Q969V5,Q969V5
Q9HC57,Q9HC57
Q8N386,Q8N386
Q7Z7H5,Q7Z7H5
P08949,P08949
Q15293,Q15293
P19823,P19823
Q8N2G4,Q8N2G4
Q86YW5.1,Q86YW5.1
Q30KP8,Q30KP8
Q96DN0,Q96DN0
Q00887,Q00887
P20366,P20366
Q99LC4.198,Q99LC4.198
P26885,P26885
Q9NWM8,Q9NWM8
Q9GZP0.1,Q9GZP0.1
P14784,P14784
Q8IUB5,Q8IUB5
Q99LC4.199,Q99LC4.199
Q9NZP8,Q9NZP8
Q6MZW2,Q6MZW2
Q99LC4.200,Q99LC4.200
Q99LC4.201,Q99LC4.201
O75629,O75629
Q99LC4.202,Q99LC4.202
Q6UY11,Q6UY11
O43854,O43854
Q9Y5I4,Q9Y5I4
Q99LC4.203,Q99LC4.203
Q8WUE5,Q8WUE5
Q5T1H1,Q5T1H1
Q9HBE5,Q9HBE5
Q9HBL6,Q9HBL6
Q9HCJ2,Q9HCJ2
Q92820,Q92820
O60487,O60487
Q99LC4.204,Q99LC4.204
Q16517,Q16517
P21583,P21583
Q8N539,Q8N539
Q96HG1,Q96HG1
Q9BX93,Q9BX93
Q15782,Q15782
P49913.1,P49913.1
P10253,P10253
Q8N6N2,Q8N6N2
Q99LC4.205,Q99LC4.205
Q96PE7,Q96PE7
Q99LC4.206,Q99LC4.206
Q9UHG2,Q9UHG2
Q9UM21,Q9UM21
Q9Y646,Q9Y646
Q9UBC7,Q9UBC7
Q86V40,Q86V40
Q8N8Z6,Q8N8Z6
Q15661,Q15661
Q13705,Q13705
P14384,P14384
Q99LC4.207,Q99LC4.207
P43235,P43235
Q14129,Q14129
Q8NEA5,Q8NEA5
P04003,P04003
O14519,O14519
P07911,P07911
P49765,P49765
P51636,P51636
P25445.1,P25445.1
Q99LC4.208,Q99LC4.208
Q99LC4.209,Q99LC4.209
Q12907.1,Q12907.1
Q5JXM2,Q5JXM2
P07307,P07307
O75715,O75715
Q14558,Q14558
Q9BW91,Q9BW91
Q14126,Q14126
Q8N687,Q8N687
P01286.1,P01286.1
Q8N8J7,Q8N8J7
Q99LC4.210,Q99LC4.210
Q99LC4.211,Q99LC4.211
Q99LC4.212,Q99LC4.212
Q6UXB2,Q6UXB2
Q99LC4.213,Q99LC4.213
Q99LC4.214,Q99LC4.214
Q5H8A3,Q5H8A3
P51159,P51159
O14791.1,O14791.1
Q99LC4.215,Q99LC4.215
Q9NVV0,Q9NVV0
O95156,O95156
Q99LC4.216,Q99LC4.216
Q9HCT0,Q9HCT0
Q53H76,Q53H76
O95831,O95831
Q9NQX7.1,Q9NQX7.1
Q6ZUB0,Q6ZUB0
Q13308,Q13308
A2RUU4,A2RUU4
Q99LC4.217,Q99LC4.217
O00453,O00453
Q9NX94,Q9NX94
Q99LC4.218,Q99LC4.218
Q14507,Q14507
Q99LC4.219,Q99LC4.219
Q9Y5Z6,Q9Y5Z6
Q96MW5,Q96MW5
Q9H7B7,Q9H7B7
P49863,P49863
Q96A84,Q96A84
Q96AE7.1,Q96AE7.1
Q9H8J5,Q9H8J5
P13611,P13611
Q96IZ0,Q96IZ0
Q99LC4.220,Q99LC4.220
Q8WWV6,Q8WWV6
Q6PKC3,Q6PKC3
O00499,O00499
P50219,P50219
Q8N9I0,Q8N9I0
A6NHS7,A6NHS7
Q9BZD6,Q9BZD6
Q13753,Q13753
O94906.1,O94906.1
Q6UWL2,Q6UWL2
Q9Y225,Q9Y225
Q99LC4.221,Q99LC4.221
Q9H6B4.1,Q9H6B4.1
O14548,O14548
Q8TAD4,Q8TAD4
O60909,O60909
Q96PZ7,Q96PZ7
Q8IYJ0.1,Q8IYJ0.1
Q9UPZ6.1,Q9UPZ6.1
Q5VU65,Q5VU65
Q6MZM9,Q6MZM9
Q9NSD4,Q9NSD4
Q99LC4.222,Q99LC4.222
Q495A1.1,Q495A1.1
Q15198,Q15198
O75054,O75054
P51512.1,P51512.1
Q9H8L6,Q9H8L6
Q9NPC3,Q9NPC3
Q8N2G8,Q8N2G8
P40200,P40200
Q96CS3,Q96CS3
P43246,P43246
Q13838,Q13838
Q8WW22,Q8WW22
O60573,O60573
P27448,P27448
P21266,P21266
P67809,P67809
P15311,P15311
P16083,P16083
Q8N8S7,Q8N8S7
P62701,P62701
P14902,P14902
P50552,P50552
P52597,P52597
Q9NXR1,Q9NXR1
Q0D2K3,Q0D2K3
Q8NFT8.1,Q8NFT8.1
Q8NFZ4.1,Q8NFZ4.1
Q8NC42,Q8NC42
Q9ULK6,Q9ULK6
Q4KMG9,Q4KMG9
Q9BSE4,Q9BSE4
Q9NVH1,Q9NVH1
P46695,P46695
Q8WXH0,Q8WXH0
Q8IWQ3,Q8IWQ3
Q8TDY8,Q8TDY8
Q96D53,Q96D53
P19835,P19835
Q99LC4.223,Q99LC4.223
O95169,O95169
Q96AD5,Q96AD5
Q99LC4.224,Q99LC4.224
Q9NPR2,Q9NPR2
Q9UPQ9,Q9UPQ9
Q07960.1,Q07960.1
Q96CN7,Q96CN7
Q07820.1,Q07820.1
P00374,P00374
P49789,P49789
P07864,P07864
Q06520,Q06520
Q9UKW4,Q9UKW4
Q9UN86,Q9UN86
Q93099,Q93099
P00325,P00325
P47895,P47895
P27707,P27707
P15559,P15559
Q15797,Q15797
P58753,P58753
P60953,P60953
P22234,P22234
P35222.1,P35222.1
P12814,P12814
P35609,P35609
P52566,P52566
Q9GZN2,Q9GZN2
P51946.1,P51946.1
P27695,P27695
P47813,P47813
P09913,P09913
P61586,P61586
P49366,P49366
P21673,P21673
P67936,P67936
Q99614,Q99614
P63146,P63146
O00757,O00757
P19838,P19838
P23381,P23381
P26232,P26232
P11474,P11474
P42772,P42772
Q96FV9,Q96FV9
P09972,P09972
P46109,P46109
P48775,P48775
Q04760,Q04760
Q9Y3C6,Q9Y3C6
P10114,P10114
Q13426,Q13426
Q7Z6E9,Q7Z6E9
Q8TED9,Q8TED9
P54368,P54368
Q9UM54,Q9UM54
Q92889,Q92889
P55316,P55316
Q14566,Q14566
O14497,O14497
O43896,O43896
P12036,P12036
Q9GZT9,Q9GZT9
Q99LC4.225,Q99LC4.225
Q9BQ16,Q9BQ16
O95271,O95271
Q99LC4.226,Q99LC4.226
Q13126,Q13126
Q9P2E9,Q9P2E9
Q9NT99.1,Q9NT99.1
Q99LC4.227,Q99LC4.227
P05937,P05937
Q07889,Q07889
Q96GP6.1,Q96GP6.1
P25815,P25815
Q8IZW8,Q8IZW8
O75829,O75829
P56937.1,P56937.1
O75899.1,O75899.1
P04264,P04264
O95754,O95754
Q9UN42,Q9UN42
Q00169,Q00169
Q8TBB1,Q8TBB1
P17302,P17302
Q4G0W2,Q4G0W2
Q9Y5F3,Q9Y5F3
Q9UKK6,Q9UKK6
Q92547,Q92547
P18627,P18627
Q9UKA2.1,Q9UKA2.1
Q00059,Q00059
Q92617,Q92617
Q8N7C7.1,Q8N7C7.1
Q13444.1,Q13444.1
Q9Y508,Q9Y508
Q9UK28,Q9UK28
Q92609,Q92609
Q9HBB8,Q9HBB8
Q9UN67,Q9UN67
P0CAP1.1,P0CAP1.1
Q86VW1,Q86VW1
Q92575,Q92575
Q7Z408,Q7Z408
Q9NYJ7,Q9NYJ7
Q86WK6,Q86WK6
A2RU67.1,A2RU67.1
Q8N3Z0,Q8N3Z0
Q96EC8,Q96EC8
Q8N729,Q8N729
Q50LG9,Q50LG9
O43296,O43296
P51164,P51164
P33316,P33316
Q92575.1,Q92575.1
O14896,O14896
